assumption_set_id,category,parameter_name,engine_parameter,base_value,low_value,high_value,unit,perspective,timing,include_in_base_case,engine_support,assumption_status,effective_date,source_reference,notes
realistic_base_2026-07-12,customer_charge,product_fee,FeeSpec.product_fee,0.003,0.003,0.003,decimal_per_year_on_investment_value,customer_outflow_insurer_inflow,daily_accrual_annual_or_event_deduction,true,direct,contractual_current,2026-01-19,"AGILE PDS 19-Jan-2026 pp. 40-41","Current contractual charge; 0.30% p.a.; may be varied with notice under the PDS."
realistic_base_2026-07-12,customer_charge,lifetime_income_premium,FeeSpec.lifetime_income_premium,0.0115,0.0115,0.0115,decimal_per_year_on_investment_value,customer_outflow_insurer_inflow,daily_accrual_annual_or_event_deduction,true,direct,contractual_current,2026-01-19,"AGILE PDS 19-Jan-2026 pp. 40-41","Current contractual charge; 1.15% p.a.; ceases when Investment Value is nil and may be waived under the Age Pension+ conditions."
realistic_base_2026-07-12,insurer_expense,acquisition_expense,ExpenseAssumptions.acquisition_pct_of_premium,0.02,0.015,0.035,decimal_of_single_premium,insurer_outflow,policy_commencement,true,direct,expert_assumption,2026-07-12,"AGILE engine research default","Covers underwriting setup; onboarding; issue administration; legal and distribution support excluding adviser service fees. Calibrate to internal expense study before production use."
realistic_base_2026-07-12,insurer_expense,maintenance_fixed,ExpenseAssumptions.maintenance_per_policy,80,60,120,AUD_per_policy_per_year,insurer_outflow,monthly_while_in_force,true,direct,expert_assumption,2026-07-12,"AGILE engine research default","Base-date per-policy administration; customer service; reporting and claims support cost; inflated by expense_inflation."
realistic_base_2026-07-12,insurer_expense,maintenance_variable,ExpenseAssumptions.maintenance_pct_of_iv,0.0005,0.00025,0.001,decimal_per_year_on_investment_value,insurer_outflow,monthly_while_in_force,true,direct,expert_assumption,2026-07-12,"AGILE engine research default","Asset-related administration and oversight cost proxy; 5 bp base with 2.5-10 bp sensitivity range."
realistic_base_2026-07-12,insurer_expense,expense_inflation,ExpenseAssumptions.expense_inflation,0.025,0.02,0.04,decimal_per_year,insurer_outflow,annual_compounding,true,direct,expert_assumption,2026-07-12,"AGILE engine research default","Applied to fixed maintenance expense; use wage or insurer expense inflation when calibrated data become available."
realistic_base_2026-07-12,distribution_cost,commission,ExpenseAssumptions.commission_pct_of_premium,0,0,0.01,decimal_of_single_premium,insurer_outflow,policy_commencement,true,direct,expert_assumption,2026-07-12,"AGILE PDS pp. 41-42 and AGILE engine research default","Base assumes no insurer-paid commission. Adviser Service Fees are separately authorised customer payments and are not Allianz product fees."
realistic_base_2026-07-12,hedging_cost,hedge_execution_and_basis_proxy,ProjectionConfig.hedge_vol_spread,0,0,0,absolute_volatility_add_on,insurer_outflow,each_crediting_year,true,proxy,legacy_inactive,2026-07-12,"AGILE engine ProjectionConfig documentation","Legacy proxy for bid-ask; slippage; hedge-vol basis and execution friction. Retained for compatibility but disabled by zero in the standard assumptions to avoid double-counting the explicit option markup and reference-management fee."
realistic_base_2026-07-12,hedging_cost,option_fair_value_markup,ProjectionConfig.option_fair_value_markup,0.005,0.005,0.005,decimal_of_fair_option_package_value,insurer_outflow,each_crediting_year_at_hedge_purchase,true,direct,user_specified,2026-07-13,"User-specified modelling assumption 13-Jul-2026","Insurer pays 0.50% of the fair option-package value in addition to fair value. This is a relative markup on the option package; not 50 bp of hedge notional."
realistic_base_2026-07-12,hedging_cost,hedge_reference_management_fee,ProjectionConfig.hedge_reference_management_fee,0.003,0.003,0.003,decimal_per_year_on_hedge_reference_notional,insurer_outflow,each_crediting_year_on_hedge_reference_notional,true,direct,user_specified,2026-07-13,"User-specified modelling assumption 13-Jul-2026","Annual 0.30% fee on the hedge-reference notional. It is an insurer hedge cost only and does not reduce the customer Reference Fund or Account Value."
realistic_base_2026-07-12,termination_cost,mva_loading_per_remaining_year,MVASpec.cost_loading_per_remaining_year,0.0061744444,0.004,0.008,decimal_of_withdrawal_base_per_remaining_year,customer_withdrawal_reduction_insurer_offset,withdrawal_within_first_10_years,true,direct_proxy,pds_illustration_implied,2026-01-19,"AGILE PDS p. 60; MVASpec.pds_illustrative_termination_loading","Base equals 5.557% divided by 9 remaining years from the PDS no-rate-move illustration. This is not Allianz's undisclosed production MVA formula."
realistic_base_2026-07-12,termination_cost,mva_fixed_loading,MVASpec.cost_loading,0,0,0.01,decimal_of_withdrawal_base,customer_withdrawal_reduction_insurer_offset,withdrawal_within_first_10_years,true,direct_proxy,expert_assumption,2026-07-12,"AGILE engine MVASpec documentation","No additional fixed loading in base because the illustrative run-off loading is already included; retain as sensitivity only."
realistic_base_2026-07-12,capital_cost,cost_of_capital,CapitalStresses.coc_rate,0.06,0.04,0.08,decimal_per_year_on_non_hedgeable_capital,shareholder_cost,annual_on_projected_capital,true,direct,research_convention,2026-07-12,"AGILE engine capital research proxy","Risk-margin cost-of-capital convention only; not an APRA LAGIC calibration."
realistic_base_2026-07-12,profitability,hurdle_rate,ProfitabilitySettings.hurdle_rate,0.08,0.06,0.1,decimal_per_year,shareholder_discount_rate,annual_discounting,true,direct,expert_assumption,2026-07-12,"AGILE engine research default","Shareholder hurdle for PVFP; keep separate from the risk-free valuation curve and cost-of-capital rate."
realistic_base_2026-07-12,profitability,corporate_tax_rate,ProfitabilitySettings.tax_rate,0.30,0.25,0.30,decimal_of_taxable_profit,shareholder_tax,annual,true,direct,simplified_current_assumption,2026-07-12,"AGILE engine research default","Simplified immediate symmetric tax assumption; production modelling needs tax-loss carry-forward and legal-entity treatment."
realistic_base_2026-07-12,profitability,capital_earning_spread,ProfitabilitySettings.capital_earning_spread,0,-0.0025,0.0025,decimal_per_year_over_cash,shareholder_income,annual_on_required_capital,true,direct,expert_assumption,2026-07-12,"AGILE engine research default","Base assumes required capital earns the projected cash rate with no additional spread."
realistic_base_2026-07-12,customer_optional_cost,ongoing_adviser_service_fee,not_in_core_engine,0,0,0.022,decimal_per_year_on_investment_value_or_income,customer_outflow_to_adviser,monthly_if_authorised,false,not_supported,user_specific,2026-01-19,"AGILE PDS pp. 41-42","Not an insurer fee. Zero in the base case; in Growth the PDS maximum is 2.2% incl. GST of Investment Value and the payment can consume free-withdrawal capacity or trigger MVA."
realistic_base_2026-07-12,customer_optional_cost,tax_and_withholding,not_in_core_engine,0,0,0,policy_specific_amount,customer_outflow,when_taxable_event_occurs,false,not_supported,user_specific,2026-01-19,"AGILE PDS pp. 12 and 59","Set to zero as a neutral model default. Determine from funding source; investor structure; pension phase and applicable tax law."
realistic_base_2026-07-12,excluded_cost,reinsurance_cost,not_in_core_engine,0,0,0,not_calibrated,insurer_outflow,not_modelled,false,not_supported,data_required,2026-07-12,"No treaty data in repository","Do not infer zero economic cost: reinsurance structure and pricing are unknown and require treaty-level inputs."
