model_point_id,contract_weight,premium_volume_weight,region,currency,wrapper,product_id,product_pds_version,new_business_indicator,commencement_year,policy_duration_years,current_phase,primary_age,primary_sex,life_basis,spouse,secondary_age,secondary_sex,initial_premium_aud,initial_investment_aud,investment_value_0_aud,locked_income_0_aud,used_free_withdrawal_allowance_0_aud,withdrawal_status,scheduled_partial_withdrawal_rate,income_start_year,income_type,derived_lifetime_income_rate_at_start,spouse_death_election,age_pension_plus,funding_source,condition_of_release_year,aps_life_expectancy_years,allocation_aus_tp,allocation_aus_pp10,allocation_global_tp,allocation_global_pp10,upfront_adviser_fee_pct,bonus_interest_pct,rate_card_vintage,cap_vintage,market_parameter_set_id,yield_curve_id
AU-01,0.058563054000,0.026068019974,Australia,AUD,apra_regulated_choice_retirement,AGILE,AGILE_PDS_2026-01-19,true,2026.5,0.0,growth,62,M,single,false,,,150000,150000,150000,0.0,0.0,not_initiated,0.0,5.0,fixed,0.0825,continue_income,false,superannuation,,,1.0,0.0,0.0,0.0,0.0,0.0,2026-07,2026-07,realistic_base_2026-06-30,aud_government_zero_2026-06-30
AU-02,0.058563054000,0.060825379939,Australia,AUD,apra_regulated_choice_retirement,AGILE,AGILE_PDS_2026-01-19,true,2026.5,0.0,growth,62,M,single,false,,,350000,350000,350000,0.0,0.0,not_initiated,0.0,5.0,fixed,0.0825,continue_income,false,superannuation,,,1.0,0.0,0.0,0.0,0.0,0.0,2026-07,2026-07,realistic_base_2026-06-30,aud_government_zero_2026-06-30
AU-03,0.013014012000,0.028964466638,Australia,AUD,apra_regulated_choice_retirement,AGILE,AGILE_PDS_2026-01-19,true,2026.5,0.0,growth,62,M,single,false,,,750000,750000,750000,0.0,0.0,not_initiated,0.0,5.0,fixed,0.0825,continue_income,false,superannuation,,,1.0,0.0,0.0,0.0,0.0,0.0,2026-07,2026-07,realistic_base_2026-06-30,aud_government_zero_2026-06-30
AU-04,0.029452764000,0.013110232268,Australia,AUD,apra_regulated_choice_retirement,AGILE,AGILE_PDS_2026-01-19,true,2026.5,0.0,growth,62,M,joint,true,60,F,150000,150000,150000,0.0,0.0,not_initiated,0.0,5.0,fixed,0.0740,continue_income,false,superannuation,,,1.0,0.0,0.0,0.0,0.0,0.0,2026-07,2026-07,realistic_base_2026-06-30,aud_government_zero_2026-06-30
AU-05,0.044179146000,0.045885812936,Australia,AUD,apra_regulated_choice_retirement,AGILE,AGILE_PDS_2026-01-19,true,2026.5,0.0,growth,62,M,joint,true,60,F,350000,350000,350000,0.0,0.0,not_initiated,0.0,5.0,fixed,0.0740,continue_income,false,superannuation,,,1.0,0.0,0.0,0.0,0.0,0.0,2026-07,2026-07,realistic_base_2026-06-30,aud_government_zero_2026-06-30
AU-06,0.024543970000,0.054625967781,Australia,AUD,apra_regulated_choice_retirement,AGILE,AGILE_PDS_2026-01-19,true,2026.5,0.0,growth,62,M,joint,true,60,F,750000,750000,750000,0.0,0.0,not_initiated,0.0,5.0,fixed,0.0740,continue_income,false,superannuation,,,1.0,0.0,0.0,0.0,0.0,0.0,2026-07,2026-07,realistic_base_2026-06-30,aud_government_zero_2026-06-30
AU-07,0.069855720000,0.031094695032,Australia,AUD,apra_regulated_choice_retirement,AGILE,AGILE_PDS_2026-01-19,true,2026.5,0.0,growth,62,F,single,false,,,150000,150000,150000,0.0,0.0,not_initiated,0.0,5.0,fixed,0.0805,continue_income,false,superannuation,,,1.0,0.0,0.0,0.0,0.0,0.0,2026-07,2026-07,realistic_base_2026-06-30,aud_government_zero_2026-06-30
AU-08,0.050804160000,0.052766755205,Australia,AUD,apra_regulated_choice_retirement,AGILE,AGILE_PDS_2026-01-19,true,2026.5,0.0,growth,62,F,single,false,,,350000,350000,350000,0.0,0.0,not_initiated,0.0,5.0,fixed,0.0805,continue_income,false,superannuation,,,1.0,0.0,0.0,0.0,0.0,0.0,2026-07,2026-07,realistic_base_2026-06-30,aud_government_zero_2026-06-30
AU-09,0.006350520000,0.014133952287,Australia,AUD,apra_regulated_choice_retirement,AGILE,AGILE_PDS_2026-01-19,true,2026.5,0.0,growth,62,F,single,false,,,750000,750000,750000,0.0,0.0,not_initiated,0.0,5.0,fixed,0.0805,continue_income,false,superannuation,,,1.0,0.0,0.0,0.0,0.0,0.0,2026-07,2026-07,realistic_base_2026-06-30,aud_government_zero_2026-06-30
AU-10,0.029635760000,0.013191688801,Australia,AUD,apra_regulated_choice_retirement,AGILE,AGILE_PDS_2026-01-19,true,2026.5,0.0,growth,62,F,joint,true,64,M,150000,150000,150000,0.0,0.0,not_initiated,0.0,5.0,fixed,0.0760,continue_income,false,superannuation,,,1.0,0.0,0.0,0.0,0.0,0.0,2026-07,2026-07,realistic_base_2026-06-30,aud_government_zero_2026-06-30
AU-11,0.038103120000,0.039575066404,Australia,AUD,apra_regulated_choice_retirement,AGILE,AGILE_PDS_2026-01-19,true,2026.5,0.0,growth,62,F,joint,true,64,M,350000,350000,350000,0.0,0.0,not_initiated,0.0,5.0,fixed,0.0760,continue_income,false,superannuation,,,1.0,0.0,0.0,0.0,0.0,0.0,2026-07,2026-07,realistic_base_2026-06-30,aud_government_zero_2026-06-30
AU-12,0.016934720000,0.037690539432,Australia,AUD,apra_regulated_choice_retirement,AGILE,AGILE_PDS_2026-01-19,true,2026.5,0.0,growth,62,F,joint,true,64,M,750000,750000,750000,0.0,0.0,not_initiated,0.0,5.0,fixed,0.0760,continue_income,false,superannuation,,,1.0,0.0,0.0,0.0,0.0,0.0,2026-07,2026-07,realistic_base_2026-06-30,aud_government_zero_2026-06-30
AU-13,0.042953680000,0.019119859907,Australia,AUD,apra_regulated_choice_retirement,AGILE,AGILE_PDS_2026-01-19,true,2026.5,0.0,growth,67,M,single,false,,,150000,150000,150000,0.0,0.0,not_initiated,0.0,5.0,fixed,0.0905,continue_income,false,superannuation,,,1.0,0.0,0.0,0.0,0.0,0.0,2026-07,2026-07,realistic_base_2026-06-30,aud_government_zero_2026-06-30
AU-14,0.048322890000,0.050189632255,Australia,AUD,apra_regulated_choice_retirement,AGILE,AGILE_PDS_2026-01-19,true,2026.5,0.0,growth,67,M,single,false,,,350000,350000,350000,0.0,0.0,not_initiated,0.0,5.0,fixed,0.0905,continue_income,false,superannuation,,,1.0,0.0,0.0,0.0,0.0,0.0,2026-07,2026-07,realistic_base_2026-06-30,aud_government_zero_2026-06-30
AU-15,0.016107630000,0.035849737325,Australia,AUD,apra_regulated_choice_retirement,AGILE,AGILE_PDS_2026-01-19,true,2026.5,0.0,growth,67,M,single,false,,,750000,750000,750000,0.0,0.0,not_initiated,0.0,5.0,fixed,0.0905,continue_income,false,superannuation,,,1.0,0.0,0.0,0.0,0.0,0.0,2026-07,2026-07,realistic_base_2026-06-30,aud_government_zero_2026-06-30
AU-16,0.021964950000,0.009777201089,Australia,AUD,apra_regulated_choice_retirement,AGILE,AGILE_PDS_2026-01-19,true,2026.5,0.0,growth,67,M,joint,true,65,F,150000,150000,150000,0.0,0.0,not_initiated,0.0,5.0,fixed,0.0805,continue_income,false,superannuation,,,1.0,0.0,0.0,0.0,0.0,0.0,2026-07,2026-07,realistic_base_2026-06-30,aud_government_zero_2026-06-30
AU-17,0.039536910000,0.041064244572,Australia,AUD,apra_regulated_choice_retirement,AGILE,AGILE_PDS_2026-01-19,true,2026.5,0.0,growth,67,M,joint,true,65,F,350000,350000,350000,0.0,0.0,not_initiated,0.0,5.0,fixed,0.0805,continue_income,false,superannuation,,,1.0,0.0,0.0,0.0,0.0,0.0,2026-07,2026-07,realistic_base_2026-06-30,aud_government_zero_2026-06-30
AU-18,0.026357940000,0.058663206532,Australia,AUD,apra_regulated_choice_retirement,AGILE,AGILE_PDS_2026-01-19,true,2026.5,0.0,growth,67,M,joint,true,65,F,750000,750000,750000,0.0,0.0,not_initiated,0.0,5.0,fixed,0.0805,continue_income,false,superannuation,,,1.0,0.0,0.0,0.0,0.0,0.0,2026-07,2026-07,realistic_base_2026-06-30,aud_government_zero_2026-06-30
AU-19,0.058198140000,0.025905586754,Australia,AUD,apra_regulated_choice_retirement,AGILE,AGILE_PDS_2026-01-19,true,2026.5,0.0,growth,67,F,single,false,,,150000,150000,150000,0.0,0.0,not_initiated,0.0,5.0,fixed,0.0875,continue_income,false,superannuation,,,1.0,0.0,0.0,0.0,0.0,0.0,2026-07,2026-07,realistic_base_2026-06-30,aud_government_zero_2026-06-30
AU-20,0.046558512000,0.048357095274,Australia,AUD,apra_regulated_choice_retirement,AGILE,AGILE_PDS_2026-01-19,true,2026.5,0.0,growth,67,F,single,false,,,350000,350000,350000,0.0,0.0,not_initiated,0.0,5.0,fixed,0.0875,continue_income,false,superannuation,,,1.0,0.0,0.0,0.0,0.0,0.0,2026-07,2026-07,realistic_base_2026-06-30,aud_government_zero_2026-06-30
AU-21,0.011639628000,0.025905586754,Australia,AUD,apra_regulated_choice_retirement,AGILE,AGILE_PDS_2026-01-19,true,2026.5,0.0,growth,67,F,single,false,,,750000,750000,750000,0.0,0.0,not_initiated,0.0,5.0,fixed,0.0875,continue_income,false,superannuation,,,1.0,0.0,0.0,0.0,0.0,0.0,2026-07,2026-07,realistic_base_2026-06-30,aud_government_zero_2026-06-30
AU-22,0.020507916000,0.009128635332,Australia,AUD,apra_regulated_choice_retirement,AGILE,AGILE_PDS_2026-01-19,true,2026.5,0.0,growth,67,F,joint,true,69,M,150000,150000,150000,0.0,0.0,not_initiated,0.0,5.0,fixed,0.0825,continue_income,false,superannuation,,,1.0,0.0,0.0,0.0,0.0,0.0,2026-07,2026-07,realistic_base_2026-06-30,aud_government_zero_2026-06-30
AU-23,0.030761874000,0.031950223663,Australia,AUD,apra_regulated_choice_retirement,AGILE,AGILE_PDS_2026-01-19,true,2026.5,0.0,growth,67,F,joint,true,69,M,350000,350000,350000,0.0,0.0,not_initiated,0.0,5.0,fixed,0.0825,continue_income,false,superannuation,,,1.0,0.0,0.0,0.0,0.0,0.0,2026-07,2026-07,realistic_base_2026-06-30,aud_government_zero_2026-06-30
AU-24,0.017089930000,0.038035980551,Australia,AUD,apra_regulated_choice_retirement,AGILE,AGILE_PDS_2026-01-19,true,2026.5,0.0,growth,67,F,joint,true,69,M,750000,750000,750000,0.0,0.0,not_initiated,0.0,5.0,fixed,0.0825,continue_income,false,superannuation,,,1.0,0.0,0.0,0.0,0.0,0.0,2026-07,2026-07,realistic_base_2026-06-30,aud_government_zero_2026-06-30
AU-25,0.013518505000,0.006017456985,Australia,AUD,apra_regulated_choice_retirement,AGILE,AGILE_PDS_2026-01-19,true,2026.5,0.0,growth,72,M,single,false,,,150000,150000,150000,0.0,0.0,not_initiated,0.0,5.0,fixed,0.0995,continue_income,false,superannuation,,,1.0,0.0,0.0,0.0,0.0,0.0,2026-07,2026-07,realistic_base_2026-06-30,aud_government_zero_2026-06-30
AU-26,0.016441425000,0.017076567120,Australia,AUD,apra_regulated_choice_retirement,AGILE,AGILE_PDS_2026-01-19,true,2026.5,0.0,growth,72,M,single,false,,,350000,350000,350000,0.0,0.0,not_initiated,0.0,5.0,fixed,0.0995,continue_income,false,superannuation,,,1.0,0.0,0.0,0.0,0.0,0.0,2026-07,2026-07,realistic_base_2026-06-30,aud_government_zero_2026-06-30
AU-27,0.006576570000,0.014637057531,Australia,AUD,apra_regulated_choice_retirement,AGILE,AGILE_PDS_2026-01-19,true,2026.5,0.0,growth,72,M,single,false,,,750000,750000,750000,0.0,0.0,not_initiated,0.0,5.0,fixed,0.0995,continue_income,false,superannuation,,,1.0,0.0,0.0,0.0,0.0,0.0,2026-07,2026-07,realistic_base_2026-06-30,aud_government_zero_2026-06-30
AU-28,0.006576570000,0.002927411506,Australia,AUD,apra_regulated_choice_retirement,AGILE,AGILE_PDS_2026-01-19,true,2026.5,0.0,growth,72,M,joint,true,70,F,150000,150000,150000,0.0,0.0,not_initiated,0.0,5.0,fixed,0.0875,continue_income,false,superannuation,,,1.0,0.0,0.0,0.0,0.0,0.0,2026-07,2026-07,realistic_base_2026-06-30,aud_government_zero_2026-06-30
AU-29,0.013452075000,0.013971736734,Australia,AUD,apra_regulated_choice_retirement,AGILE,AGILE_PDS_2026-01-19,true,2026.5,0.0,growth,72,M,joint,true,70,F,350000,350000,350000,0.0,0.0,not_initiated,0.0,5.0,fixed,0.0875,continue_income,false,superannuation,,,1.0,0.0,0.0,0.0,0.0,0.0,2026-07,2026-07,realistic_base_2026-06-30,aud_government_zero_2026-06-30
AU-30,0.009864855000,0.021955586297,Australia,AUD,apra_regulated_choice_retirement,AGILE,AGILE_PDS_2026-01-19,true,2026.5,0.0,growth,72,M,joint,true,70,F,750000,750000,750000,0.0,0.0,not_initiated,0.0,5.0,fixed,0.0875,continue_income,false,superannuation,,,1.0,0.0,0.0,0.0,0.0,0.0,2026-07,2026-07,realistic_base_2026-06-30,aud_government_zero_2026-06-30
AU-31,0.018823077000,0.008378667328,Australia,AUD,apra_regulated_choice_retirement,AGILE,AGILE_PDS_2026-01-19,true,2026.5,0.0,growth,72,F,single,false,,,150000,150000,150000,0.0,0.0,not_initiated,0.0,5.0,fixed,0.0960,continue_income,false,superannuation,,,1.0,0.0,0.0,0.0,0.0,0.0,2026-07,2026-07,realistic_base_2026-06-30,aud_government_zero_2026-06-30
AU-32,0.016019640000,0.016638488312,Australia,AUD,apra_regulated_choice_retirement,AGILE,AGILE_PDS_2026-01-19,true,2026.5,0.0,growth,72,F,single,false,,,350000,350000,350000,0.0,0.0,not_initiated,0.0,5.0,fixed,0.0960,continue_income,false,superannuation,,,1.0,0.0,0.0,0.0,0.0,0.0,2026-07,2026-07,realistic_base_2026-06-30,aud_government_zero_2026-06-30
AU-33,0.005206383000,0.011587518646,Australia,AUD,apra_regulated_choice_retirement,AGILE,AGILE_PDS_2026-01-19,true,2026.5,0.0,growth,72,F,single,false,,,750000,750000,750000,0.0,0.0,not_initiated,0.0,5.0,fixed,0.0960,continue_income,false,superannuation,,,1.0,0.0,0.0,0.0,0.0,0.0,2026-07,2026-07,realistic_base_2026-06-30,aud_government_zero_2026-06-30
AU-34,0.006350643000,0.002826845208,Australia,AUD,apra_regulated_choice_retirement,AGILE,AGILE_PDS_2026-01-19,true,2026.5,0.0,growth,72,F,joint,true,74,M,150000,150000,150000,0.0,0.0,not_initiated,0.0,5.0,fixed,0.0915,continue_income,false,superannuation,,,1.0,0.0,0.0,0.0,0.0,0.0,2026-07,2026-07,realistic_base_2026-06-30,aud_government_zero_2026-06-30
AU-35,0.010584405000,0.010993286920,Australia,AUD,apra_regulated_choice_retirement,AGILE,AGILE_PDS_2026-01-19,true,2026.5,0.0,growth,72,F,joint,true,74,M,350000,350000,350000,0.0,0.0,not_initiated,0.0,5.0,fixed,0.0915,continue_income,false,superannuation,,,1.0,0.0,0.0,0.0,0.0,0.0,2026-07,2026-07,realistic_base_2026-06-30,aud_government_zero_2026-06-30
AU-36,0.006585852000,0.014657715894,Australia,AUD,apra_regulated_choice_retirement,AGILE,AGILE_PDS_2026-01-19,true,2026.5,0.0,growth,72,F,joint,true,74,M,750000,750000,750000,0.0,0.0,not_initiated,0.0,5.0,fixed,0.0915,continue_income,false,superannuation,,,1.0,0.0,0.0,0.0,0.0,0.0,2026-07,2026-07,realistic_base_2026-06-30,aud_government_zero_2026-06-30
AU-37,0.006697260000,0.002981133932,Australia,AUD,apra_regulated_choice_retirement,AGILE,AGILE_PDS_2026-01-19,true,2026.5,0.0,growth,78,M,single,false,,,150000,150000,150000,0.0,0.0,not_initiated,0.0,5.0,fixed,0.1140,continue_income,false,superannuation,,,1.0,0.0,0.0,0.0,0.0,0.0,2026-07,2026-07,realistic_base_2026-06-30,aud_government_zero_2026-06-30
AU-38,0.006697260000,0.006955979175,Australia,AUD,apra_regulated_choice_retirement,AGILE,AGILE_PDS_2026-01-19,true,2026.5,0.0,growth,78,M,single,false,,,350000,350000,350000,0.0,0.0,not_initiated,0.0,5.0,fixed,0.1140,continue_income,false,superannuation,,,1.0,0.0,0.0,0.0,0.0,0.0,2026-07,2026-07,realistic_base_2026-06-30,aud_government_zero_2026-06-30
AU-39,0.001488280000,0.003312371036,Australia,AUD,apra_regulated_choice_retirement,AGILE,AGILE_PDS_2026-01-19,true,2026.5,0.0,growth,78,M,single,false,,,750000,750000,750000,0.0,0.0,not_initiated,0.0,5.0,fixed,0.1140,continue_income,false,superannuation,,,1.0,0.0,0.0,0.0,0.0,0.0,2026-07,2026-07,realistic_base_2026-06-30,aud_government_zero_2026-06-30
AU-40,0.003233160000,0.001439168105,Australia,AUD,apra_regulated_choice_retirement,AGILE,AGILE_PDS_2026-01-19,true,2026.5,0.0,growth,78,M,joint,true,76,F,150000,150000,150000,0.0,0.0,not_initiated,0.0,5.0,fixed,0.1005,continue_income,false,superannuation,,,1.0,0.0,0.0,0.0,0.0,0.0,2026-07,2026-07,realistic_base_2026-06-30,aud_government_zero_2026-06-30
AU-41,0.004849740000,0.005037088368,Australia,AUD,apra_regulated_choice_retirement,AGILE,AGILE_PDS_2026-01-19,true,2026.5,0.0,growth,78,M,joint,true,76,F,350000,350000,350000,0.0,0.0,not_initiated,0.0,5.0,fixed,0.1005,continue_income,false,superannuation,,,1.0,0.0,0.0,0.0,0.0,0.0,2026-07,2026-07,realistic_base_2026-06-30,aud_government_zero_2026-06-30
AU-42,0.002694300000,0.005996533772,Australia,AUD,apra_regulated_choice_retirement,AGILE,AGILE_PDS_2026-01-19,true,2026.5,0.0,growth,78,M,joint,true,76,F,750000,750000,750000,0.0,0.0,not_initiated,0.0,5.0,fixed,0.1005,continue_income,false,superannuation,,,1.0,0.0,0.0,0.0,0.0,0.0,2026-07,2026-07,realistic_base_2026-06-30,aud_government_zero_2026-06-30
AU-43,0.009772510000,0.004350011970,Australia,AUD,apra_regulated_choice_retirement,AGILE,AGILE_PDS_2026-01-19,true,2026.5,0.0,growth,78,F,single,false,,,150000,150000,150000,0.0,0.0,not_initiated,0.0,5.0,fixed,0.1110,continue_income,false,superannuation,,,1.0,0.0,0.0,0.0,0.0,0.0,2026-07,2026-07,realistic_base_2026-06-30,aud_government_zero_2026-06-30
AU-44,0.007107280000,0.007381838494,Australia,AUD,apra_regulated_choice_retirement,AGILE,AGILE_PDS_2026-01-19,true,2026.5,0.0,growth,78,F,single,false,,,350000,350000,350000,0.0,0.0,not_initiated,0.0,5.0,fixed,0.1110,continue_income,false,superannuation,,,1.0,0.0,0.0,0.0,0.0,0.0,2026-07,2026-07,realistic_base_2026-06-30,aud_government_zero_2026-06-30
AU-45,0.000888410000,0.001977278168,Australia,AUD,apra_regulated_choice_retirement,AGILE,AGILE_PDS_2026-01-19,true,2026.5,0.0,growth,78,F,single,false,,,750000,750000,750000,0.0,0.0,not_initiated,0.0,5.0,fixed,0.1110,continue_income,false,superannuation,,,1.0,0.0,0.0,0.0,0.0,0.0,2026-07,2026-07,realistic_base_2026-06-30,aud_government_zero_2026-06-30
AU-46,0.002300130000,0.001023850887,Australia,AUD,apra_regulated_choice_retirement,AGILE,AGILE_PDS_2026-01-19,true,2026.5,0.0,growth,78,F,joint,true,80,M,150000,150000,150000,0.0,0.0,not_initiated,0.0,5.0,fixed,0.1050,continue_income,false,superannuation,,,1.0,0.0,0.0,0.0,0.0,0.0,2026-07,2026-07,realistic_base_2026-06-30,aud_government_zero_2026-06-30
AU-47,0.002957310000,0.003071552661,Australia,AUD,apra_regulated_choice_retirement,AGILE,AGILE_PDS_2026-01-19,true,2026.5,0.0,growth,78,F,joint,true,80,M,350000,350000,350000,0.0,0.0,not_initiated,0.0,5.0,fixed,0.1050,continue_income,false,superannuation,,,1.0,0.0,0.0,0.0,0.0,0.0,2026-07,2026-07,realistic_base_2026-06-30,aud_government_zero_2026-06-30
AU-48,0.001314360000,0.002925288246,Australia,AUD,apra_regulated_choice_retirement,AGILE,AGILE_PDS_2026-01-19,true,2026.5,0.0,growth,78,F,joint,true,80,M,750000,750000,750000,0.0,0.0,not_initiated,0.0,5.0,fixed,0.1050,continue_income,false,superannuation,,,1.0,0.0,0.0,0.0,0.0,0.0,2026-07,2026-07,realistic_base_2026-06-30,aud_government_zero_2026-06-30
