policy_year,cap,training_path_count,condition_number,reachable_component_clip_fraction,fit_action_retained,fit_reasons,selected_policy_class,uses_all_paths,oos
1,0.0025,208,60000.00000000001,0.0,True,[],base_csm,True,False
1,0.01,194,60000.0,0.0,True,[],base_csm,True,False
1,0.02,203,59999.99999999999,0.0,True,[],base_csm,True,False
1,0.03,195,59999.99999999999,0.0,True,[],base_csm,True,False
1,0.04,212,60000.00000000001,0.0,True,[],base_csm,True,False
1,0.05,200,59999.99999999999,0.0,True,[],base_csm,True,False
1,0.06,209,60000.0,0.0,True,[],base_csm,True,False
1,0.07,204,60000.000000000015,0.0,True,[],base_csm,True,False
1,0.08,195,59999.99999999999,0.0,True,[],base_csm,True,False
1,0.09,204,60000.000000000015,0.0,True,[],base_csm,True,False
1,0.1,200,59999.99999999999,0.0,True,[],base_csm,True,False
1,0.11,201,60000.0,0.0,True,[],base_csm,True,False
1,0.12,197,59999.99999999999,0.0,True,[],base_csm,True,False
1,0.13,205,60000.0,0.0,True,[],base_csm,True,False
1,0.14,212,60000.00000000001,0.0,True,[],base_csm,True,False
1,0.15,197,59999.99999999999,0.0,True,[],base_csm,True,False
1,0.16,194,60000.0,0.0,True,[],base_csm,True,False
1,0.17,192,60000.0,0.0,True,[],base_csm,True,False
1,0.18,185,60000.00000000001,0.0,True,[],base_csm,True,False
1,0.19,198,60000.0,0.0,True,[],base_csm,True,False
1,0.2,195,59999.99999999999,0.0,True,[],base_csm,True,False
2,0.0025,204,19.54520413806416,0.0009523809523809524,True,[],base_csm,True,False
2,0.01,188,15.80720623852393,0.0,True,[],base_csm,True,False
2,0.02,203,19.111582468526006,0.0009523809523809524,True,[],base_csm,True,False
2,0.03,197,17.11698879482805,0.0,True,[],base_csm,True,False
2,0.04,208,20.74686682324333,0.0,True,[],base_csm,True,False
2,0.05,182,11.191782726482067,0.0011904761904761906,True,[],base_csm,True,False
2,0.06,194,22.185619315117165,0.0,True,[],base_csm,True,False
2,0.07,197,19.381437540151868,0.0,True,[],base_csm,True,False
2,0.08,193,20.978005858914127,0.0011904761904761906,True,[],base_csm,True,False
2,0.09,197,22.598125829930304,0.0,True,[],base_csm,True,False
2,0.1,220,36.52389008795548,0.0,True,[],base_csm,True,False
2,0.11,204,27.29838162652332,0.0,True,[],base_csm,True,False
2,0.12,197,34.61709263152849,0.0,True,[],base_csm,True,False
2,0.13,201,29.389456780276728,0.0,True,[],base_csm,True,False
2,0.14,211,40.06766054728695,0.0,True,[],base_csm,True,False
2,0.15,207,43.48152938705599,0.0,True,[],base_csm,True,False
2,0.16,194,30.57634381164691,0.0,True,[],base_csm,True,False
2,0.17,211,28.538259041705757,0.0,True,[],base_csm,True,False
2,0.18,205,32.51919790348687,0.0,True,[],base_csm,True,False
2,0.19,198,48.770146987471804,0.0,True,[],base_csm,True,False
2,0.2,189,45.481648282177275,0.0,True,[],base_csm,True,False
3,0.0025,196,20.67829956337944,0.0004761904761904762,True,[],base_csm,True,False
3,0.01,208,12.816519885139343,0.0007142857142857143,True,[],base_csm,True,False
3,0.02,194,13.895509646594531,0.0019047619047619048,True,[],base_csm,True,False
3,0.03,207,12.13992387394585,0.002619047619047619,True,[],base_csm,True,False
3,0.04,199,10.101305295471269,0.0038095238095238095,True,[],base_csm,True,False
3,0.05,208,13.572364558938979,0.002619047619047619,True,[],base_csm,True,False
3,0.06,194,18.461507044650872,0.005714285714285714,True,[],base_csm,True,False
3,0.07,205,14.264725491862407,0.002142857142857143,True,[],base_csm,True,False
3,0.08,194,18.06939746055602,0.004523809523809524,True,[],base_csm,True,False
3,0.09,210,18.937275527198143,0.005,True,[],base_csm,True,False
3,0.1,197,33.98445464096266,0.005,True,[],base_csm,True,False
3,0.11,210,25.745973962789414,0.0014285714285714286,True,[],base_csm,True,False
3,0.12,195,20.445855437385767,0.0007142857142857143,True,[],base_csm,True,False
3,0.13,210,22.513596869832575,0.0019047619047619048,True,[],base_csm,True,False
3,0.14,193,38.62729538075185,0.002619047619047619,True,[],base_csm,True,False
3,0.15,197,29.994701989693684,0.0016666666666666668,True,[],base_csm,True,False
3,0.16,203,30.955851410006563,0.0035714285714285713,True,[],base_csm,True,False
3,0.17,192,20.313198762904822,0.0009523809523809524,True,[],base_csm,True,False
3,0.18,191,30.448716554614382,0.0009523809523809524,True,[],base_csm,True,False
3,0.19,208,47.227743387401866,0.0007142857142857143,True,[],base_csm,True,False
3,0.2,189,30.58514756506861,0.0019047619047619048,True,[],base_csm,True,False
4,0.0025,196,22.351480975535896,0.015952380952380954,True,[],base_csm,True,False
4,0.01,196,17.371350697384344,0.0016666666666666668,True,[],base_csm,True,False
4,0.02,200,10.909106922633494,0.005,True,[],base_csm,True,False
4,0.03,202,8.679134996652671,0.01,True,[],base_csm,True,False
4,0.04,195,11.297429641763742,0.0035714285714285713,True,[],base_csm,True,False
4,0.05,200,8.122648046874938,0.02619047619047619,True,[],base_csm,True,False
4,0.06,201,7.680781237924928,0.02119047619047619,True,[],base_csm,True,False
4,0.07,199,7.534990213593302,0.017142857142857144,True,[],base_csm,True,False
4,0.08,200,12.535873563424268,0.031190476190476192,True,[],base_csm,True,False
4,0.09,210,12.233349110780606,0.013571428571428571,True,[],base_csm,True,False
4,0.1,205,13.759344619776261,0.017857142857142856,True,[],base_csm,True,False
4,0.11,187,16.128881558745213,0.012619047619047618,True,[],base_csm,True,False
4,0.12,204,14.49855476282644,0.0054761904761904765,True,[],base_csm,True,False
4,0.13,193,11.782342282491209,0.023333333333333334,True,[],base_csm,True,False
4,0.14,215,19.432278645886765,0.004761904761904762,True,[],base_csm,True,False
4,0.15,194,19.963189367119966,0.012619047619047618,True,[],base_csm,True,False
4,0.16,210,21.721298986785825,0.008809523809523809,True,[],base_csm,True,False
4,0.17,202,15.97188162917578,0.01619047619047619,True,[],base_csm,True,False
4,0.18,194,23.068313523240658,0.004047619047619047,True,[],base_csm,True,False
4,0.19,200,13.683029313642077,0.014523809523809524,True,[],base_csm,True,False
4,0.2,197,31.158395718219648,0.009047619047619047,True,[],base_csm,True,False
5,0.0025,204,28.014562110399623,0.018095238095238095,True,[],base_csm,True,False
5,0.01,202,18.431125067433726,0.03619047619047619,True,[],base_csm,True,False
5,0.02,202,13.325605073997238,0.031190476190476192,True,[],base_csm,True,False
5,0.03,208,8.779373453770507,0.02023809523809524,True,[],base_csm,True,False
5,0.04,201,15.591456373118342,0.06166666666666667,True,[],base_csm,True,False
5,0.05,194,7.613421305316819,0.0419047619047619,True,[],base_csm,True,False
5,0.06,208,6.938006387113152,0.03642857142857143,True,[],base_csm,True,False
5,0.07,201,7.106046386299597,0.04,True,[],base_csm,True,False
5,0.08,199,8.430039889124586,0.025952380952380952,True,[],base_csm,True,False
5,0.09,182,9.397623088124586,0.024285714285714285,True,[],base_csm,True,False
5,0.1,198,11.556965049817187,0.014523809523809524,True,[],base_csm,True,False
5,0.11,201,9.097672306014676,0.012857142857142857,True,[],base_csm,True,False
5,0.12,198,13.659009356684853,0.015714285714285715,True,[],base_csm,True,False
5,0.13,202,9.829469780001487,0.014761904761904763,True,[],base_csm,True,False
5,0.14,203,10.438776710295544,0.03738095238095238,True,[],base_csm,True,False
5,0.15,209,8.135306982727236,0.005,True,[],base_csm,True,False
5,0.16,187,11.540152939321551,0.036904761904761905,True,[],base_csm,True,False
5,0.17,192,11.023077507729699,0.014523809523809524,True,[],base_csm,True,False
5,0.18,207,12.974917752215745,0.018333333333333333,True,[],base_csm,True,False
5,0.19,200,11.739198724967482,0.015,True,[],base_csm,True,False
5,0.2,202,17.79111167413779,0.016428571428571428,True,[],base_csm,True,False
6,0.0025,208,28.818443341132614,0.05761904761904762,True,[],base_csm,True,False
6,0.01,200,16.77573652119435,0.03642857142857143,True,[],base_csm,True,False
6,0.02,205,14.060421326830655,0.019761904761904762,True,[],base_csm,True,False
6,0.03,207,8.004684379815247,0.021904761904761906,True,[],base_csm,True,False
6,0.04,194,9.162068491693129,0.03214285714285714,True,[],base_csm,True,False
6,0.05,185,8.084993581168012,0.05785714285714286,True,[],base_csm,True,False
6,0.06,197,7.595257761779361,0.047142857142857146,True,[],base_csm,True,False
6,0.07,192,6.130707918841927,0.060714285714285714,True,[],base_csm,True,False
6,0.08,198,7.161027439232783,0.0380952380952381,True,[],base_csm,True,False
6,0.09,213,8.306280888229908,0.041666666666666664,True,[],base_csm,True,False
6,0.1,194,8.397545128448371,0.02642857142857143,True,[],base_csm,True,False
6,0.11,191,7.225183990048598,0.02095238095238095,True,[],base_csm,True,False
6,0.12,209,10.11242288343726,0.019761904761904762,True,[],base_csm,True,False
6,0.13,199,8.429515249549972,0.023809523809523808,True,[],base_csm,True,False
6,0.14,202,8.43006040861034,0.024523809523809524,True,[],base_csm,True,False
6,0.15,191,8.638090587594837,0.02642857142857143,True,[],base_csm,True,False
6,0.16,201,8.342454222079654,0.028333333333333332,True,[],base_csm,True,False
6,0.17,200,6.466275907735974,0.03,True,[],base_csm,True,False
6,0.18,207,10.67361755962921,0.03166666666666667,True,[],base_csm,True,False
6,0.19,211,7.905436905617386,0.02261904761904762,True,[],base_csm,True,False
6,0.2,196,13.284675775686505,0.018571428571428572,True,[],base_csm,True,False
7,0.0025,213,25.395946295917007,0.04261904761904762,True,[],base_csm,True,False
7,0.01,190,14.937184160290922,0.04428571428571428,True,[],base_csm,True,False
7,0.02,205,8.620528840919883,0.025952380952380952,True,[],base_csm,True,False
7,0.03,188,9.777147261639708,0.06523809523809523,True,[],base_csm,True,False
7,0.04,204,6.5033649052198035,0.031190476190476192,True,[],base_csm,True,False
7,0.05,188,7.0584625471085385,0.06,True,[],base_csm,True,False
7,0.06,207,9.213704888319663,0.09904761904761905,True,[],base_csm,True,False
7,0.07,205,6.5665315249033,0.07023809523809524,True,[],base_csm,True,False
7,0.08,213,6.017170567676557,0.05785714285714286,True,[],base_csm,True,False
7,0.09,208,6.5526832047529915,0.029523809523809525,True,[],base_csm,True,False
7,0.1,192,6.1755370212558285,0.043333333333333335,True,[],base_csm,True,False
7,0.11,194,7.550170497055394,0.04619047619047619,True,[],base_csm,True,False
7,0.12,201,9.827815125944683,0.055,True,[],base_csm,True,False
7,0.13,201,7.330045893629456,0.049761904761904764,True,[],base_csm,True,False
7,0.14,199,9.069651083876197,0.02738095238095238,True,[],base_csm,True,False
7,0.15,196,6.9091787153127004,0.04023809523809524,True,[],base_csm,True,False
7,0.16,209,9.30931307201647,0.035476190476190474,True,[],base_csm,True,False
7,0.17,191,6.7409194799968475,0.030238095238095238,True,[],base_csm,True,False
7,0.18,195,8.94281171461035,0.032857142857142856,True,[],base_csm,True,False
7,0.19,195,10.81385418504948,0.021904761904761906,True,[],base_csm,True,False
7,0.2,206,7.738409383335862,0.04023809523809524,True,[],base_csm,True,False
8,0.0025,192,21.83045043252925,0.060238095238095236,True,[],base_csm,True,False
8,0.01,185,13.34468067528952,0.07428571428571429,True,[],base_csm,True,False
8,0.02,203,9.971575699180583,0.08095238095238096,True,[],base_csm,True,False
8,0.03,207,9.230286977892428,0.045,True,[],base_csm,True,False
8,0.04,210,8.151862185434066,0.03261904761904762,True,[],base_csm,True,False
8,0.05,194,6.934149987269968,0.0719047619047619,True,[],base_csm,True,False
8,0.06,210,6.191790616147976,0.07095238095238095,True,[],base_csm,True,False
8,0.07,210,5.676222161695269,0.08595238095238095,True,[],base_csm,True,False
8,0.08,198,6.081687787886615,0.08047619047619048,True,[],base_csm,True,False
8,0.09,196,7.9185603358819145,0.054285714285714284,True,[],base_csm,True,False
8,0.1,203,7.418688590877519,0.05880952380952381,True,[],base_csm,True,False
8,0.11,190,7.971896892219177,0.035476190476190474,True,[],base_csm,True,False
8,0.12,207,10.309415677309644,0.047857142857142855,True,[],base_csm,True,False
8,0.13,188,7.413824599408881,0.058095238095238096,True,[],base_csm,True,False
8,0.14,201,8.430312752140292,0.05047619047619047,True,[],base_csm,True,False
8,0.15,210,9.275012864884534,0.03619047619047619,True,[],base_csm,True,False
8,0.16,201,9.250869369018462,0.025952380952380952,True,[],base_csm,True,False
8,0.17,205,8.105329064135777,0.030952380952380953,True,[],base_csm,True,False
8,0.18,195,12.351338741842934,0.018333333333333333,True,[],base_csm,True,False
8,0.19,192,8.43126085251641,0.034523809523809526,True,[],base_csm,True,False
8,0.2,203,7.741311652275159,0.07261904761904762,True,[],base_csm,True,False
9,0.0025,217,15.923365093322657,0.06452380952380952,True,[],base_csm,True,False
9,0.01,195,10.967729559691053,0.09619047619047619,True,[],base_csm,True,False
9,0.02,202,9.42089523436095,0.07023809523809524,True,[],base_csm,True,False
9,0.03,196,8.046928173057841,0.08523809523809524,True,[],base_csm,True,False
9,0.04,196,6.8827415045273765,0.07214285714285715,True,[],base_csm,True,False
9,0.05,207,6.51226133176781,0.07904761904761905,True,[],base_csm,True,False
9,0.06,201,7.383768855141314,0.0719047619047619,True,[],base_csm,True,False
9,0.07,210,6.941590157551164,0.06690476190476191,True,[],base_csm,True,False
9,0.08,192,7.329189055212935,0.07738095238095238,True,[],base_csm,True,False
9,0.09,203,10.4234827567317,0.07095238095238095,True,[],base_csm,True,False
9,0.1,198,11.181324070950554,0.04238095238095238,True,[],base_csm,True,False
9,0.11,191,10.420340186855652,0.085,True,[],base_csm,True,False
9,0.12,207,10.457601437228075,0.04666666666666667,True,[],base_csm,True,False
9,0.13,182,10.216716195295774,0.06523809523809523,True,[],base_csm,True,False
9,0.14,192,13.427298424028496,0.05333333333333334,True,[],base_csm,True,False
9,0.15,198,9.746765445385867,0.06095238095238095,True,[],base_csm,True,False
9,0.16,204,11.563239996652825,0.045476190476190476,True,[],base_csm,True,False
9,0.17,199,12.400196924561277,0.06119047619047619,True,[],base_csm,True,False
9,0.18,209,14.278493499949032,0.04404761904761905,True,[],base_csm,True,False
9,0.19,195,10.344334657252759,0.09071428571428572,True,[],base_csm,True,False
9,0.2,206,8.622695325817059,0.06166666666666667,True,[],base_csm,True,False
10,0.0025,206,15.759417911505215,0.04833333333333333,True,[],base_csm,True,False
10,0.01,197,9.740814323745267,0.11714285714285715,True,[],base_csm,True,False
10,0.02,207,7.679904118438147,0.09142857142857143,True,[],base_csm,True,False
10,0.03,189,8.490858479642235,0.06571428571428571,True,[],base_csm,True,False
10,0.04,214,7.649001805628955,0.07642857142857143,True,[],base_csm,True,False
10,0.05,192,7.024473313571228,0.10833333333333334,True,[],base_csm,True,False
10,0.06,216,6.893689866652952,0.08523809523809524,True,[],base_csm,True,False
10,0.07,204,8.805440671402796,0.1019047619047619,True,[],base_csm,True,False
10,0.08,208,10.04298722961459,0.11404761904761905,True,[],base_csm,True,False
10,0.09,198,12.546642484281353,0.08261904761904762,True,[],base_csm,True,False
10,0.1,196,12.83748605329139,0.07785714285714286,True,[],base_csm,True,False
10,0.11,202,13.779547810612229,0.10095238095238095,True,[],base_csm,True,False
10,0.12,194,21.056674719916156,0.1488095238095238,True,[],base_csm,True,False
10,0.13,209,11.225208707365729,0.07809523809523809,True,[],base_csm,True,False
10,0.14,200,19.219936038177856,0.09904761904761905,True,[],base_csm,True,False
10,0.15,186,14.068942093028596,0.10547619047619047,True,[],base_csm,True,False
10,0.16,193,16.32109053552414,0.09404761904761905,True,[],base_csm,True,False
10,0.17,195,14.36451667473373,0.09380952380952381,True,[],base_csm,True,False
10,0.18,200,19.84846063771172,0.09785714285714285,True,[],base_csm,True,False
10,0.19,199,14.118352846753668,0.09476190476190476,True,[],base_csm,True,False
10,0.2,195,17.778627341898233,0.1130952380952381,True,[],base_csm,True,False
11,0.0025,206,14.910167672933019,0.0009523809523809524,True,[],base_csm,True,False
11,0.01,193,11.867710642493291,0.0011904761904761906,True,[],base_csm,True,False
11,0.02,210,12.12539433321788,0.0011904761904761906,True,[],base_csm,True,False
11,0.03,200,10.474473889547,0.0019047619047619048,True,[],base_csm,True,False
11,0.04,203,5.99372524949185,0.005714285714285714,True,[],base_csm,True,False
11,0.05,207,7.326088882590948,0.0033333333333333335,True,[],base_csm,True,False
11,0.06,192,9.292152760098526,0.002380952380952381,True,[],base_csm,True,False
11,0.07,200,9.053600697073707,0.002857142857142857,True,[],base_csm,True,False
11,0.08,190,12.843364956312751,0.0011904761904761906,True,[],base_csm,True,False
11,0.09,198,14.504578054592617,0.002380952380952381,True,[],base_csm,True,False
11,0.1,199,13.07846765414544,0.0011904761904761906,True,[],base_csm,True,False
11,0.11,208,20.118199434109385,0.0016666666666666668,True,[],base_csm,True,False
11,0.12,202,23.752705757441763,0.0014285714285714286,True,[],base_csm,True,False
11,0.13,214,15.656997998382383,0.0014285714285714286,True,[],base_csm,True,False
11,0.14,204,26.477598043375345,0.0014285714285714286,True,[],base_csm,True,False
11,0.15,198,20.242951705995207,0.002619047619047619,True,[],base_csm,True,False
11,0.16,199,17.4010901905762,0.002380952380952381,True,[],base_csm,True,False
11,0.17,205,16.06795700969772,0.002380952380952381,True,[],base_csm,True,False
11,0.18,191,25.885277910407257,0.0014285714285714286,True,[],base_csm,True,False
11,0.19,192,18.218433876500367,0.0014285714285714286,True,[],base_csm,True,False
11,0.2,189,15.621424643795594,0.0019047619047619048,True,[],base_csm,True,False
12,0.0025,196,15.084318524382,0.004285714285714286,True,[],base_csm,True,False
12,0.01,194,10.587206063132365,0.0019047619047619048,True,[],base_csm,True,False
12,0.02,201,8.716808334125446,0.002857142857142857,True,[],base_csm,True,False
12,0.03,207,8.741917113044392,0.002857142857142857,True,[],base_csm,True,False
12,0.04,201,9.728049841054816,0.0009523809523809524,True,[],base_csm,True,False
12,0.05,202,7.898714331806448,0.0014285714285714286,True,[],base_csm,True,False
12,0.06,208,8.301401782974068,0.0019047619047619048,True,[],base_csm,True,False
12,0.07,193,15.51334987873066,0.0009523809523809524,True,[],base_csm,True,False
12,0.08,196,16.549547600635247,0.0009523809523809524,True,[],base_csm,True,False
12,0.09,204,21.07917308131821,0.0014285714285714286,True,[],base_csm,True,False
12,0.1,206,15.876014798229422,0.0009523809523809524,True,[],base_csm,True,False
12,0.11,202,18.851307903383027,0.0016666666666666668,True,[],base_csm,True,False
12,0.12,201,30.29690245078961,0.0011904761904761906,True,[],base_csm,True,False
12,0.13,209,22.563751717472794,0.0011904761904761906,True,[],base_csm,True,False
12,0.14,196,36.30450539685565,0.0011904761904761906,True,[],base_csm,True,False
12,0.15,195,25.646173766336087,0.0011904761904761906,True,[],base_csm,True,False
12,0.16,195,23.820041751838776,0.0011904761904761906,True,[],base_csm,True,False
12,0.17,201,29.358115327113765,0.0016666666666666668,True,[],base_csm,True,False
12,0.18,200,32.14513567263065,0.0009523809523809524,True,[],base_csm,True,False
12,0.19,199,17.51719598537648,0.0016666666666666668,True,[],base_csm,True,False
12,0.2,194,20.218580416751934,0.0011904761904761906,True,[],base_csm,True,False
13,0.0025,200,16.035058948354592,0.0016666666666666668,True,[],base_csm,True,False
13,0.01,198,11.45925171656055,0.0007142857142857143,True,[],base_csm,True,False
13,0.02,194,11.054262563475087,0.0019047619047619048,True,[],base_csm,True,False
13,0.03,199,8.153284203459634,0.0035714285714285713,True,[],base_csm,True,False
13,0.04,208,9.791468698601319,0.0038095238095238095,True,[],base_csm,True,False
13,0.05,199,15.601919461932036,0.0033333333333333335,True,[],base_csm,True,False
13,0.06,195,15.696615507051694,0.002380952380952381,True,[],base_csm,True,False
13,0.07,194,19.625184512459025,0.0011904761904761906,True,[],base_csm,True,False
13,0.08,209,11.810169427420979,0.004285714285714286,True,[],base_csm,True,False
13,0.09,191,18.312723896850258,0.0019047619047619048,True,[],base_csm,True,False
13,0.1,205,16.11052652755151,0.0030952380952380953,True,[],base_csm,True,False
13,0.11,199,27.977323914632475,0.002857142857142857,True,[],base_csm,True,False
13,0.12,205,41.79389987385952,0.0014285714285714286,True,[],base_csm,True,False
13,0.13,190,21.586604710168583,0.002857142857142857,True,[],base_csm,True,False
13,0.14,202,51.81004873487926,0.0011904761904761906,True,[],base_csm,True,False
13,0.15,205,36.5436762147759,0.0016666666666666668,True,[],base_csm,True,False
13,0.16,199,23.009779833495116,0.0014285714285714286,True,[],base_csm,True,False
13,0.17,199,35.21343892648602,0.0016666666666666668,True,[],base_csm,True,False
13,0.18,215,29.85436412429307,0.002857142857142857,True,[],base_csm,True,False
13,0.19,207,18.261287021450585,0.0014285714285714286,True,[],base_csm,True,False
13,0.2,187,25.24485256804102,0.0016666666666666668,True,[],base_csm,True,False
14,0.0025,201,14.014618142647915,0.0054761904761904765,True,[],base_csm,True,False
14,0.01,204,16.753602923510595,0.0011904761904761906,True,[],base_csm,True,False
14,0.02,207,9.795750822088463,0.0030952380952380953,True,[],base_csm,True,False
14,0.03,200,9.254900170411176,0.015714285714285715,True,[],base_csm,True,False
14,0.04,199,8.850711216981757,0.004523809523809524,True,[],base_csm,True,False
14,0.05,197,12.202192131954416,0.0035714285714285713,True,[],base_csm,True,False
14,0.06,197,8.409157332756562,0.0033333333333333335,True,[],base_csm,True,False
14,0.07,207,24.377684895792186,0.0016666666666666668,True,[],base_csm,True,False
14,0.08,203,15.229742649018194,0.004761904761904762,True,[],base_csm,True,False
14,0.09,205,25.353662373139706,0.0014285714285714286,True,[],base_csm,True,False
14,0.1,190,26.594912177350384,0.0016666666666666668,True,[],base_csm,True,False
14,0.11,196,41.54607768326959,0.002142857142857143,True,[],base_csm,True,False
14,0.12,195,54.90671987052153,0.002380952380952381,True,[],base_csm,True,False
14,0.13,215,16.403613188532532,0.0009523809523809524,True,[],base_csm,True,False
14,0.14,209,62.93754207018539,0.005238095238095238,True,[],base_csm,True,False
14,0.15,201,41.33712278089812,0.0019047619047619048,True,[],base_csm,True,False
14,0.16,196,33.78785764146052,0.002142857142857143,True,[],base_csm,True,False
14,0.17,202,43.69640457335561,0.007857142857142858,True,[],base_csm,True,False
14,0.18,182,40.383226571890795,0.0016666666666666668,True,[],base_csm,True,False
14,0.19,197,20.506288360675512,0.0014285714285714286,True,[],base_csm,True,False
14,0.2,197,21.952465229275976,0.0014285714285714286,True,[],base_csm,True,False
15,0.0025,196,15.862072781333245,0.004761904761904762,True,[],base_csm,True,False
15,0.01,188,12.203595229690812,0.005238095238095238,True,[],base_csm,True,False
15,0.02,210,8.589872296757092,0.011666666666666667,True,[],base_csm,True,False
15,0.03,203,10.488790894741953,0.0030952380952380953,True,[],base_csm,True,False
15,0.04,208,40.05834629802279,0.007857142857142858,True,[],base_csm,True,False
15,0.05,201,22.11779813614597,0.008095238095238095,True,[],base_csm,True,False
15,0.06,203,8.237935899389509,0.002142857142857143,True,[],base_csm,True,False
15,0.07,204,26.980412958488525,0.002619047619047619,True,[],base_csm,True,False
15,0.08,205,16.26562868159471,0.0011904761904761906,True,[],base_csm,True,False
15,0.09,195,22.806584249374485,0.0014285714285714286,True,[],base_csm,True,False
15,0.1,196,20.258258711677723,0.002142857142857143,True,[],base_csm,True,False
15,0.11,201,37.24197289378206,0.007142857142857143,True,[],base_csm,True,False
15,0.12,205,70.89973763610129,0.018095238095238095,True,[],base_csm,True,False
15,0.13,197,20.606972208880425,0.0004761904761904762,True,[],base_csm,True,False
15,0.14,190,63.845773725646964,0.017857142857142856,True,[],base_csm,True,False
15,0.15,197,51.72909066310719,0.02095238095238095,True,[],base_csm,True,False
15,0.16,196,29.065564171151873,0.0004761904761904762,True,[],base_csm,True,False
15,0.17,201,62.53026426582762,0.017380952380952382,True,[],base_csm,True,False
15,0.18,207,56.856600355543655,0.0011904761904761906,True,[],base_csm,True,False
15,0.19,201,16.49601476882804,0.0064285714285714285,True,[],base_csm,True,False
15,0.2,196,21.099840546007076,0.0004761904761904762,True,[],base_csm,True,False
16,0.0025,214,14.31088830616635,0.015476190476190477,True,[],base_csm,True,False
16,0.01,216,11.51367503287063,0.018571428571428572,True,[],base_csm,True,False
16,0.02,206,12.757728291150523,0.02666666666666667,True,[],base_csm,True,False
16,0.03,205,8.684073677035885,0.036904761904761905,True,[],base_csm,True,False
16,0.04,186,10.671559309095082,0.029285714285714286,True,[],base_csm,True,False
16,0.05,194,19.494317874704514,0.02214285714285714,True,[],base_csm,True,False
16,0.06,204,36.86028400913841,0.030714285714285715,True,[],base_csm,True,False
16,0.07,210,47.694051198154256,0.022857142857142857,True,[],base_csm,True,False
16,0.08,189,26.748564033998957,0.008809523809523809,True,[],base_csm,True,False
16,0.09,195,18.493027063981156,0.011666666666666667,True,[],base_csm,True,False
16,0.1,198,29.4685194925955,0.013571428571428571,True,[],base_csm,True,False
16,0.11,190,43.25346647203802,0.020476190476190478,True,[],base_csm,True,False
16,0.12,204,85.11196784410608,0.03571428571428571,True,[],base_csm,True,False
16,0.13,199,22.1756647809945,0.021904761904761906,True,[],base_csm,True,False
16,0.14,209,78.797748774706,0.03190476190476191,True,[],base_csm,True,False
16,0.15,198,47.76137653358281,0.04119047619047619,True,[],base_csm,True,False
16,0.16,195,28.745851846273702,0.01880952380952381,True,[],base_csm,True,False
16,0.17,202,62.26215452955009,0.02261904761904762,True,[],base_csm,True,False
16,0.18,200,46.32602337247715,0.01904761904761905,True,[],base_csm,True,False
16,0.19,186,15.997564823707146,0.029285714285714286,True,[],base_csm,True,False
16,0.2,200,43.10561876952394,0.013571428571428571,True,[],base_csm,True,False
17,0.0025,199,11.090810903459575,0.03214285714285714,True,[],base_csm,True,False
17,0.01,223,15.145843467719446,0.03428571428571429,True,[],base_csm,True,False
17,0.02,188,10.489806397884312,0.047142857142857146,True,[],base_csm,True,False
17,0.03,204,13.570504990444684,0.05095238095238095,True,[],base_csm,True,False
17,0.04,200,12.439700887053425,0.05,True,[],base_csm,True,False
17,0.05,206,12.423376861961225,0.0419047619047619,True,[],base_csm,True,False
17,0.06,199,32.39613055123688,0.05142857142857143,True,[],base_csm,True,False
17,0.07,199,24.69703128354533,0.047619047619047616,True,[],base_csm,True,False
17,0.08,188,33.08199350851494,0.028333333333333332,True,[],base_csm,True,False
17,0.09,197,43.804744882774685,0.047619047619047616,True,[],base_csm,True,False
17,0.1,202,32.17788362995891,0.04619047619047619,True,[],base_csm,True,False
17,0.11,199,48.481765842645906,0.04642857142857143,True,[],base_csm,True,False
17,0.12,201,72.71312409844224,0.05380952380952381,True,[],base_csm,True,False
17,0.13,195,24.82640133545282,0.06476190476190476,True,[],base_csm,True,False
17,0.14,190,78.10625013214957,0.05,True,[],base_csm,True,False
17,0.15,201,42.88739317709452,0.062142857142857146,True,[],base_csm,True,False
17,0.16,208,48.52995249804169,0.05380952380952381,True,[],base_csm,True,False
17,0.17,203,69.66303320676124,0.043333333333333335,True,[],base_csm,True,False
17,0.18,205,83.87074788052334,0.06357142857142857,True,[],base_csm,True,False
17,0.19,190,20.04266046040149,0.012619047619047618,True,[],base_csm,True,False
17,0.2,203,27.57081370951643,0.02761904761904762,True,[],base_csm,True,False
18,0.0025,190,17.30528370169848,0.06714285714285714,True,[],base_csm,True,False
18,0.01,199,12.921595585346028,0.06547619047619048,True,[],base_csm,True,False
18,0.02,199,11.582397437851595,0.07404761904761904,True,[],base_csm,True,False
18,0.03,201,11.164493262660178,0.07642857142857143,True,[],base_csm,True,False
18,0.04,209,32.719683468267206,0.1030952380952381,True,[],base_csm,True,False
18,0.05,208,16.04324577479221,0.10357142857142858,True,[],base_csm,True,False
18,0.06,209,9.633477308018097,0.11142857142857143,True,[],base_csm,True,False
18,0.07,193,38.64626175533731,0.09214285714285714,True,[],base_csm,True,False
18,0.08,191,22.6057176736605,0.11642857142857142,True,[],base_csm,True,False
18,0.09,200,46.251607342432514,0.12047619047619047,True,[],base_csm,True,False
18,0.1,191,14.84151607377009,0.08904761904761904,True,[],base_csm,True,False
18,0.11,200,73.59772504324026,0.14785714285714285,True,[],base_csm,True,False
18,0.12,212,83.77612915659114,0.13595238095238096,True,[],base_csm,True,False
18,0.13,203,46.27746671639777,0.11904761904761904,True,[],base_csm,True,False
18,0.14,205,90.46154630281144,0.12166666666666667,True,[],base_csm,True,False
18,0.15,196,32.51434484742479,0.12428571428571429,True,[],base_csm,True,False
18,0.16,195,19.9630569550399,0.09904761904761905,True,[],base_csm,True,False
18,0.17,199,53.9910481066358,0.1030952380952381,True,[],base_csm,True,False
18,0.18,208,61.082312962729674,0.13142857142857142,True,[],base_csm,True,False
18,0.19,202,27.78153472577879,0.11261904761904762,True,[],base_csm,True,False
18,0.2,190,49.43705829313692,0.10738095238095238,True,[],base_csm,True,False
19,0.0025,194,12.632461642772666,0.12452380952380952,True,[],base_csm,True,False
19,0.01,201,14.406688595458368,0.13238095238095238,True,[],base_csm,True,False
19,0.02,188,13.388635381064393,0.1280952380952381,True,[],base_csm,True,False
19,0.03,197,10.429926347667154,0.13333333333333333,True,[],base_csm,True,False
19,0.04,188,60.66284769392448,0.1538095238095238,True,[],base_csm,True,False
19,0.05,209,39.7517325033576,0.1757142857142857,True,[],base_csm,True,False
19,0.06,203,11.027527637782166,0.18428571428571427,True,[],base_csm,True,False
19,0.07,206,12.071655531540806,0.16595238095238096,True,[],base_csm,True,False
19,0.08,212,19.098352607375677,0.18047619047619048,True,[],base_csm,True,False
19,0.09,211,58.24092411437084,0.19785714285714287,True,[],base_csm,True,False
19,0.1,206,31.36949111912661,0.16976190476190475,True,[],base_csm,True,False
19,0.11,206,26.94625195379266,0.18619047619047618,True,[],base_csm,True,False
19,0.12,206,90.32137193377756,0.20285714285714285,True,[],base_csm,True,False
19,0.13,190,40.72345402860103,0.19023809523809523,True,[],base_csm,True,False
19,0.14,194,103.13706066251696,0.21261904761904762,True,[],base_csm,True,False
19,0.15,197,40.80738468581999,0.18,True,[],base_csm,True,False
19,0.16,201,20.586904309573164,0.17904761904761904,True,[],base_csm,True,False
19,0.17,196,45.62600317421491,0.19952380952380952,True,[],base_csm,True,False
19,0.18,199,57.857183063048645,0.2123809523809524,True,[],base_csm,True,False
19,0.19,203,81.85892473595173,0.21,True,[],base_csm,True,False
19,0.2,193,23.044495966129368,0.18880952380952382,True,[],base_csm,True,False
20,0.0025,199,13.36079017650304,0.22476190476190477,True,[],base_csm,True,False
20,0.01,192,14.11885818360598,0.24071428571428571,True,[],base_csm,True,False
20,0.02,196,14.492009145760418,0.23142857142857143,True,[],base_csm,True,False
20,0.03,203,83.62638143637432,0.25142857142857145,True,[],base_csm,True,False
20,0.04,206,11.596579383384555,0.19333333333333333,True,[],base_csm,True,False
20,0.05,198,11.356297463337258,0.2507142857142857,True,[],base_csm,True,False
20,0.06,200,33.21167761977303,0.27714285714285714,True,[],base_csm,True,False
20,0.07,198,12.76572477934341,0.2819047619047619,True,[],base_csm,True,False
20,0.08,212,21.194778194219257,0.2926190476190476,True,[],base_csm,True,False
20,0.09,200,68.12848558873642,0.3138095238095238,True,[],base_csm,True,False
20,0.1,205,15.59921368652237,0.30047619047619045,True,[],base_csm,True,False
20,0.11,195,62.99469274028719,0.31785714285714284,True,[],base_csm,True,False
20,0.12,187,79.32553152024953,0.310952380952381,True,[],base_csm,True,False
20,0.13,199,49.55718423166414,0.3221428571428571,True,[],base_csm,True,False
20,0.14,203,72.67858264846687,0.3211904761904762,True,[],base_csm,True,False
20,0.15,202,45.880725607921825,0.3157142857142857,True,[],base_csm,True,False
20,0.16,206,29.3769115651094,0.30214285714285716,True,[],base_csm,True,False
20,0.17,193,92.90816956923008,0.31833333333333336,True,[],base_csm,True,False
20,0.18,203,95.13453946258781,0.32904761904761903,True,[],base_csm,True,False
20,0.19,197,23.108875169744767,0.3211904761904762,True,[],base_csm,True,False
20,0.2,206,44.53730933698232,0.319047619047619,True,[],base_csm,True,False
21,0.0025,203,25.103394747322334,0.27285714285714285,True,[],base_csm,True,False
21,0.01,193,44.00557846260983,0.3188095238095238,True,[],base_csm,True,False
21,0.02,190,46.94463332035994,0.31047619047619046,True,[],base_csm,True,False
21,0.03,191,28.960854761913147,0.26571428571428574,True,[],base_csm,True,False
21,0.04,204,17.453475313208788,0.28523809523809524,True,[],base_csm,True,False
21,0.05,198,68.7941180145147,0.38142857142857145,True,[],base_csm,True,False
21,0.06,201,18.6911669327283,0.33071428571428574,True,[],base_csm,True,False
21,0.07,201,46.75494480281593,0.4111904761904762,True,[],base_csm,True,False
21,0.08,210,28.56853940567086,0.39166666666666666,True,[],base_csm,True,False
21,0.09,209,87.01877304223363,0.42714285714285716,True,[],base_csm,True,False
21,0.1,200,18.67009316873344,0.39071428571428574,True,[],base_csm,True,False
21,0.11,198,34.26597279733898,0.40976190476190477,True,[],base_csm,True,False
21,0.12,205,110.73688462744724,0.4116666666666667,True,[],base_csm,True,False
21,0.13,199,76.3311628630767,0.43738095238095237,True,[],base_csm,True,False
21,0.14,206,90.80838676943058,0.4330952380952381,True,[],base_csm,True,False
21,0.15,202,30.636836219428044,0.43976190476190474,True,[],base_csm,True,False
21,0.16,204,61.94046816099533,0.439047619047619,True,[],base_csm,True,False
21,0.17,193,85.8431357259527,0.4471428571428571,True,[],base_csm,True,False
21,0.18,189,70.41472698477261,0.45476190476190476,True,[],base_csm,True,False
21,0.19,199,39.997384535579876,0.4245238095238095,True,[],base_csm,True,False
21,0.2,205,32.50518640854965,0.4280952380952381,True,[],base_csm,True,False
22,0.0025,199,38.96259695789797,0.28476190476190477,True,[],base_csm,True,False
22,0.01,197,59.63838708788959,0.14023809523809525,True,[],base_csm,True,False
22,0.02,197,62.748606826436806,0.3773809523809524,True,[],base_csm,True,False
22,0.03,192,94.6452452127667,0.305,True,[],base_csm,True,False
22,0.04,198,81.53933958319548,0.4147619047619048,True,[],base_csm,True,False
22,0.05,196,25.614913799179728,0.23452380952380952,True,[],base_csm,True,False
22,0.06,195,26.372179107483507,0.32666666666666666,True,[],base_csm,True,False
22,0.07,215,25.153269432974753,0.43642857142857144,True,[],base_csm,True,False
22,0.08,213,32.775459445325474,0.4116666666666667,True,[],base_csm,True,False
22,0.09,190,66.56463850880714,0.38333333333333336,True,[],base_csm,True,False
22,0.1,190,48.19866003771242,0.5611904761904762,True,[],base_csm,True,False
22,0.11,215,55.11036131034695,0.5,True,[],base_csm,True,False
22,0.12,204,102.73389516322639,0.5461904761904762,True,[],base_csm,True,False
22,0.13,203,34.20605292824194,0.5697619047619048,True,[],base_csm,True,False
22,0.14,197,143.6210492282907,0.5623809523809524,True,[],base_csm,True,False
22,0.15,198,97.07936990712456,0.5754761904761905,True,[],base_csm,True,False
22,0.16,197,69.0394041025904,0.5552380952380952,True,[],base_csm,True,False
22,0.17,196,70.92943793872169,0.5721428571428572,True,[],base_csm,True,False
22,0.18,206,109.01712241905,0.5807142857142857,True,[],base_csm,True,False
22,0.19,200,27.58525305519521,0.39976190476190476,True,[],base_csm,True,False
22,0.2,202,41.48047365852173,0.5152380952380953,True,[],base_csm,True,False
23,0.0025,194,74.37266665418855,0.07714285714285714,True,[],base_csm,True,False
23,0.01,198,88.45702913324442,0.011666666666666667,True,[],base_csm,True,False
23,0.02,204,51.88324575099031,0.06642857142857143,True,[],base_csm,True,False
23,0.03,190,56.73928335878887,0.16333333333333333,True,[],base_csm,True,False
23,0.04,205,190.94719633028467,0.44785714285714284,True,[],base_csm,True,False
23,0.05,195,126.78072534286285,0.15071428571428572,True,[],base_csm,True,False
23,0.06,205,124.369123294992,0.06738095238095237,True,[],base_csm,True,False
23,0.07,189,82.5631468525981,0.5611904761904762,True,[],base_csm,True,False
23,0.08,206,116.20931075638464,0.051904761904761905,True,[],base_csm,True,False
23,0.09,194,53.5890148848338,0.07571428571428572,True,[],base_csm,True,False
23,0.1,184,62.25627764366945,0.63,True,[],base_csm,True,False
23,0.11,207,42.732703649525114,0.4135714285714286,True,[],base_csm,True,False
23,0.12,196,125.8522610477698,0.5335714285714286,True,[],base_csm,True,False
23,0.13,198,100.02932748723863,0.6914285714285714,True,[],base_csm,True,False
23,0.14,194,112.57662213433841,0.5885714285714285,True,[],base_csm,True,False
23,0.15,210,51.47983285643598,0.5685714285714286,True,[],base_csm,True,False
23,0.16,203,69.08168860349355,0.5188095238095238,True,[],base_csm,True,False
23,0.17,205,76.34698365999313,0.579047619047619,True,[],base_csm,True,False
23,0.18,201,91.29919354349431,0.43761904761904763,True,[],base_csm,True,False
23,0.19,216,58.304243759791056,0.4828571428571429,True,[],base_csm,True,False
23,0.2,206,58.57073175056323,0.3919047619047619,True,[],base_csm,True,False
24,0.0025,211,106.92758426776865,0.10404761904761904,True,[],base_csm,True,False
24,0.01,187,208.41310892763562,0.02857142857142857,True,[],base_csm,True,False
24,0.02,195,2156.612156507943,0.1430952380952381,True,[],base_csm,True,False
24,0.03,205,139.97551394481758,0.041666666666666664,True,[],base_csm,True,False
24,0.04,194,176.1884896803653,0.007857142857142858,True,[],base_csm,True,False
24,0.05,191,144.86511122889783,0.20261904761904762,True,[],base_csm,True,False
24,0.06,199,240.49197680889674,0.035476190476190474,True,[],base_csm,True,False
24,0.07,198,79.99599888378154,0.12261904761904761,True,[],base_csm,True,False
24,0.08,201,98.42472614676255,0.07857142857142857,True,[],base_csm,True,False
24,0.09,192,178.06268621447927,0.3526190476190476,True,[],base_csm,True,False
24,0.1,204,64.59174304157307,0.6028571428571429,True,[],base_csm,True,False
24,0.11,211,61.134518437779654,0.45571428571428574,True,[],base_csm,True,False
24,0.12,196,212.06360879145063,0.6495238095238095,True,[],base_csm,True,False
24,0.13,199,47.59910689971434,0.7740476190476191,True,[],base_csm,True,False
24,0.14,194,118.27238786358777,0.7833333333333333,True,[],base_csm,True,False
24,0.15,211,51.78987731552434,0.5480952380952381,True,[],base_csm,True,False
24,0.16,203,82.17728967020493,0.5335714285714286,True,[],base_csm,True,False
24,0.17,202,83.98143572941353,0.6535714285714286,True,[],base_csm,True,False
24,0.18,209,124.81887795622343,0.7197619047619047,True,[],base_csm,True,False
24,0.19,201,49.894333133050054,0.4095238095238095,True,[],base_csm,True,False
24,0.2,197,178.75879002211173,0.5973809523809523,True,[],base_csm,True,False
25,0.0025,204,2028.6788257574808,0.03880952380952381,True,[],base_csm,True,False
25,0.01,207,368.92591164056165,0.010476190476190476,True,[],base_csm,True,False
25,0.02,190,188.62993106442298,0.03785714285714286,True,[],base_csm,True,False
25,0.03,201,3122.2979850965976,0.047142857142857146,True,[],base_csm,True,False
25,0.04,197,492.44820504186276,0.007380952380952381,True,[],base_csm,True,False
25,0.05,194,377.0108436756778,0.26142857142857145,True,[],base_csm,True,False
25,0.06,195,148.20734789796728,0.06857142857142857,True,[],base_csm,True,False
25,0.07,202,149.69973488500142,0.010476190476190476,True,[],base_csm,True,False
25,0.08,183,172.33535630298073,0.0038095238095238095,True,[],base_csm,True,False
25,0.09,202,403.87330236392626,0.3173809523809524,True,[],base_csm,True,False
25,0.1,204,141.7429510612703,0.03761904761904762,True,[],base_csm,True,False
25,0.11,194,45.72622581235762,0.3311904761904762,True,[],base_csm,True,False
25,0.12,215,217.3547510800697,0.4530952380952381,True,[],base_csm,True,False
25,0.13,191,68.92041580930027,0.27904761904761904,True,[],base_csm,True,False
25,0.14,196,168.56190519423066,0.4807142857142857,True,[],base_csm,True,False
25,0.15,197,60.837103480037705,0.31,True,[],base_csm,True,False
25,0.16,202,90.3998368350353,0.3028571428571429,True,[],base_csm,True,False
25,0.17,205,104.6247230400425,0.4888095238095238,True,[],base_csm,True,False
25,0.18,199,162.43209344398198,0.4257142857142857,True,[],base_csm,True,False
25,0.19,217,75.45780236382457,0.4969047619047619,True,[],base_csm,True,False
25,0.2,205,126.7817326043918,0.4511904761904762,True,[],base_csm,True,False
26,0.0025,206,1068.1737406497848,0.005714285714285714,True,[],base_csm,True,False
26,0.01,205,11327.05604353837,0.04452380952380952,True,[],base_csm,True,False
26,0.02,199,29001.98463658128,0.024047619047619047,True,[],base_csm,True,False
26,0.03,196,2802.931613050183,0.065,True,[],base_csm,True,False
26,0.04,190,1035.6296346642978,0.06452380952380952,True,[],base_csm,True,False
26,0.05,198,330.1140283662078,0.007380952380952381,True,[],base_csm,True,False
26,0.06,208,27562.91735210825,0.06452380952380952,True,[],base_csm,True,False
26,0.07,204,501.9575790118982,0.018333333333333333,True,[],base_csm,True,False
26,0.08,207,498.4977285743511,0.34904761904761905,True,[],base_csm,True,False
26,0.09,195,571.8012804218031,0.03857142857142857,True,[],base_csm,True,False
26,0.1,196,194.80117453189146,0.07857142857142857,True,[],base_csm,True,False
26,0.11,211,155.95375657601113,0.5035714285714286,True,[],base_csm,True,False
26,0.12,193,195.05952931966308,0.23,True,[],base_csm,True,False
26,0.13,194,95.18409287710539,0.25142857142857145,True,[],base_csm,True,False
26,0.14,188,319.61203535269965,0.3076190476190476,True,[],base_csm,True,False
26,0.15,201,254.01739162730357,0.5785714285714286,True,[],base_csm,True,False
26,0.16,209,133.3985363591793,0.26071428571428573,True,[],base_csm,True,False
26,0.17,207,134.84580467289365,0.5104761904761905,True,[],base_csm,True,False
26,0.18,194,170.03232676011527,0.3304761904761905,True,[],base_csm,True,False
26,0.19,201,71.40439822098888,0.25785714285714284,True,[],base_csm,True,False
26,0.2,198,141.67144381683096,0.325,True,[],base_csm,True,False
27,0.0025,202,36307.0940926367,0.021904761904761906,True,[],base_csm,True,False
27,0.01,200,1601.938494502858,0.02738095238095238,True,[],base_csm,True,False
27,0.02,205,29516.88353677965,0.04023809523809524,True,[],base_csm,True,False
27,0.03,197,28780.26541394494,0.017619047619047618,True,[],base_csm,True,False
27,0.04,190,28591.7193803454,0.047857142857142855,True,[],base_csm,True,False
27,0.05,197,632.9986197971681,0.02761904761904762,True,[],base_csm,True,False
27,0.06,202,374.6012136847878,0.04738095238095238,True,[],base_csm,True,False
27,0.07,210,18827.763450572813,0.047142857142857146,True,[],base_csm,True,False
27,0.08,201,570.9714428608476,0.02119047619047619,True,[],base_csm,True,False
27,0.09,190,15650.611194363077,0.375,True,[],base_csm,True,False
27,0.1,192,206.44044569528486,0.04238095238095238,True,[],base_csm,True,False
27,0.11,208,96.69239390524392,0.20357142857142857,True,[],base_csm,True,False
27,0.12,197,274.2129609246558,0.15928571428571428,True,[],base_csm,True,False
27,0.13,200,149.40130276275858,0.1269047619047619,True,[],base_csm,True,False
27,0.14,205,264.5109438160926,0.18857142857142858,True,[],base_csm,True,False
27,0.15,197,217.75328034269856,0.22714285714285715,True,[],base_csm,True,False
27,0.16,204,205.92631287429052,0.18404761904761904,True,[],base_csm,True,False
27,0.17,187,250.83467070475874,0.4961904761904762,True,[],base_csm,True,False
27,0.18,198,211.60225665503202,0.2604761904761905,True,[],base_csm,True,False
27,0.19,208,122.40737183962885,0.03404761904761905,True,[],base_csm,True,False
27,0.2,210,176.33110520209237,0.37785714285714284,True,[],base_csm,True,False
28,0.0025,196,27895.506677647183,0.023095238095238096,True,[],base_csm,True,False
28,0.01,195,24942.18747916059,0.03619047619047619,True,[],base_csm,True,False
28,0.02,195,38091.38416924411,0.03214285714285714,True,[],base_csm,True,False
28,0.03,213,28701.80148833258,0.04452380952380952,True,[],base_csm,True,False
28,0.04,192,26662.00432256881,0.030952380952380953,True,[],base_csm,True,False
28,0.05,190,39747.62316371481,0.035238095238095235,True,[],base_csm,True,False
28,0.06,206,1148.9545812872643,0.060714285714285714,True,[],base_csm,True,False
28,0.07,206,602.9536507262063,0.03761904761904762,True,[],base_csm,True,False
28,0.08,198,9651.89325401797,0.04642857142857143,True,[],base_csm,True,False
28,0.09,202,3407.6662986086485,0.02666666666666667,True,[],base_csm,True,False
28,0.1,204,562.5091993618637,0.037142857142857144,True,[],base_csm,True,False
28,0.11,204,270.37420340094326,0.10047619047619048,True,[],base_csm,True,False
28,0.12,203,412.3205284281099,0.2523809523809524,True,[],base_csm,True,False
28,0.13,197,206.12722208903747,0.060238095238095236,True,[],base_csm,True,False
28,0.14,189,221.0349172112349,0.09,True,[],base_csm,True,False
28,0.15,195,244.82762617246468,0.10047619047619048,True,[],base_csm,True,False
28,0.16,204,536.3216112092127,0.20976190476190476,True,[],base_csm,True,False
28,0.17,209,243.44359426402133,0.2523809523809524,True,[],base_csm,True,False
28,0.18,186,301.9191319358263,0.1830952380952381,True,[],base_csm,True,False
28,0.19,204,396.1954618872792,0.19023809523809523,True,[],base_csm,True,False
28,0.2,212,209.5948349048226,0.24857142857142858,True,[],base_csm,True,False
29,0.0025,208,28162.487177335883,0.05952380952380952,True,[],base_csm,True,False
29,0.01,207,8804.695787652103,0.025238095238095237,True,[],base_csm,True,False
29,0.02,187,31528.190988095503,0.021904761904761906,True,[],base_csm,True,False
29,0.03,188,28218.61738200329,0.024761904761904763,True,[],base_csm,True,False
29,0.04,205,29077.0394277316,0.04047619047619048,True,[],base_csm,True,False
29,0.05,199,27954.42665428338,0.017619047619047618,True,[],base_csm,True,False
29,0.06,189,27240.494381654844,0.024761904761904763,True,[],base_csm,True,False
29,0.07,212,28582.67363570528,0.023571428571428573,True,[],base_csm,True,False
29,0.08,202,4060.186193410459,0.02761904761904762,True,[],base_csm,True,False
29,0.09,199,38576.11371129561,0.023809523809523808,True,[],base_csm,True,False
29,0.1,200,26293.002742745884,0.04071428571428572,True,[],base_csm,True,False
29,0.11,201,1030.9984049849154,0.024285714285714285,True,[],base_csm,True,False
29,0.12,204,490.42800687218516,0.26595238095238094,True,[],base_csm,True,False
29,0.13,207,475.51194256835043,0.025238095238095237,True,[],base_csm,True,False
29,0.14,202,242.66257080621654,0.029285714285714286,True,[],base_csm,True,False
29,0.15,203,308.2740241385048,0.02857142857142857,True,[],base_csm,True,False
29,0.16,188,1108.145366105761,0.37833333333333335,True,[],base_csm,True,False
29,0.17,199,281.67445197677233,0.02142857142857143,True,[],base_csm,True,False
29,0.18,195,215.60263045881285,0.010952380952380953,True,[],base_csm,True,False
29,0.19,192,722.4567468157734,0.18452380952380953,True,[],base_csm,True,False
29,0.2,213,320.6768201896739,0.30714285714285716,True,[],base_csm,True,False
30,0.0025,207,29004.57611558475,0.10119047619047619,True,[],base_csm,True,False
30,0.01,205,29296.771128479788,0.10833333333333334,True,[],base_csm,True,False
30,0.02,191,31027.16498073188,0.08785714285714286,True,[],base_csm,True,False
30,0.03,199,27236.65829011056,0.08476190476190476,True,[],base_csm,True,False
30,0.04,212,28479.258682254713,0.09523809523809523,True,[],base_csm,True,False
30,0.05,201,23371.423630197176,0.09166666666666666,True,[],base_csm,True,False
30,0.06,192,30509.546032558635,0.08190476190476191,True,[],base_csm,True,False
30,0.07,192,29045.283117920262,0.09452380952380952,True,[],base_csm,True,False
30,0.08,211,28139.19350296827,0.09690476190476191,True,[],base_csm,True,False
30,0.09,210,1244.5474303901274,0.4514285714285714,True,[],base_csm,True,False
30,0.1,198,38936.5754283313,0.09071428571428572,True,[],base_csm,True,False
30,0.11,188,28093.390717299393,0.12857142857142856,True,[],base_csm,True,False
30,0.12,193,477.2481566559526,0.44642857142857145,True,[],base_csm,True,False
30,0.13,214,1506.029457228904,0.5042857142857143,True,[],base_csm,True,False
30,0.14,207,369.16864979889823,0.5264285714285715,True,[],base_csm,True,False
30,0.15,191,407.48033765501833,0.49357142857142855,True,[],base_csm,True,False
30,0.16,182,718.8489809064961,0.35595238095238096,True,[],base_csm,True,False
30,0.17,195,460.21265644369083,0.4638095238095238,True,[],base_csm,True,False
30,0.18,203,208.61103540175264,0.5680952380952381,True,[],base_csm,True,False
30,0.19,213,515.5538849787293,0.3416666666666667,True,[],base_csm,True,False
30,0.2,196,294.06942801535035,0.45904761904761904,True,[],base_csm,True,False
31,0.0025,201,27905.041088666334,0.1488095238095238,True,[],base_csm,True,False
31,0.01,192,12437.252798330246,0.33214285714285713,True,[],base_csm,True,False
31,0.02,206,27390.152542770615,0.1392857142857143,True,[],base_csm,True,False
31,0.03,209,25912.617600653335,0.11880952380952381,True,[],base_csm,True,False
31,0.04,194,28264.299669511467,0.14642857142857144,True,[],base_csm,True,False
31,0.05,202,27795.1962542116,0.13976190476190475,True,[],base_csm,True,False
31,0.06,195,28004.738422561557,0.14595238095238094,True,[],base_csm,True,False
31,0.07,190,29988.998546967196,0.16785714285714284,True,[],base_csm,True,False
31,0.08,203,27106.213984274254,0.15023809523809523,True,[],base_csm,True,False
31,0.09,212,37340.18914091709,0.12666666666666668,True,[],base_csm,True,False
31,0.1,198,24814.254485473706,0.15071428571428572,True,[],base_csm,True,False
31,0.11,202,3277.700457425096,0.17523809523809525,True,[],base_csm,True,False
31,0.12,201,760.2202043005755,0.5154761904761904,True,[],base_csm,True,False
31,0.13,198,1728.6217266601395,0.1473809523809524,True,[],base_csm,True,False
31,0.14,189,2302.2178450832334,0.1380952380952381,True,[],base_csm,True,False
31,0.15,197,1031.0906835027172,0.3854761904761905,True,[],base_csm,True,False
31,0.16,211,423.0787118124015,0.4111904761904762,True,[],base_csm,True,False
31,0.17,200,546.132534989891,0.32476190476190475,True,[],base_csm,True,False
31,0.18,200,606.2982338556188,0.21285714285714286,True,[],base_csm,True,False
31,0.19,205,463.90248534192915,0.5233333333333333,True,[],base_csm,True,False
31,0.2,195,322.14257706397063,0.3930952380952381,True,[],base_csm,True,False
32,0.0025,205,30707.916343745484,0.1061904761904762,True,[],base_csm,True,False
32,0.01,206,29365.694582978773,0.10285714285714286,True,[],base_csm,True,False
32,0.02,209,26707.373496863805,0.08785714285714286,True,[],base_csm,True,False
32,0.03,186,39271.306508279515,0.09333333333333334,True,[],base_csm,True,False
32,0.04,192,27516.80937919797,0.09166666666666666,True,[],base_csm,True,False
32,0.05,203,30077.182922805812,0.09690476190476191,True,[],base_csm,True,False
32,0.06,197,25899.722335660514,0.1019047619047619,True,[],base_csm,True,False
32,0.07,187,28486.46312422665,0.09571428571428571,True,[],base_csm,True,False
32,0.08,199,27865.32956661749,0.09357142857142857,True,[],base_csm,True,False
32,0.09,205,37417.429283955644,0.105,True,[],base_csm,True,False
32,0.1,208,26908.009309730933,0.0919047619047619,True,[],base_csm,True,False
32,0.11,203,26970.65654534784,0.10023809523809524,True,[],base_csm,True,False
32,0.12,203,501.98246047264183,0.6095238095238096,True,[],base_csm,True,False
32,0.13,196,25648.755952744028,0.20166666666666666,True,[],base_csm,True,False
32,0.14,203,726.7641107750484,0.5933333333333334,True,[],base_csm,True,False
32,0.15,208,1771.3765251983086,0.6626190476190477,True,[],base_csm,True,False
32,0.16,195,405.94416415579917,0.6588095238095238,True,[],base_csm,True,False
32,0.17,203,755.7780180856596,0.6554761904761904,True,[],base_csm,True,False
32,0.18,204,28872.284735294113,0.19238095238095237,True,[],base_csm,True,False
32,0.19,201,473.72289361900846,0.5821428571428572,True,[],base_csm,True,False
32,0.2,187,338.01300930412634,0.3823809523809524,True,[],base_csm,True,False
33,0.0025,186,28845.19009505459,0.13071428571428573,True,[],base_csm,True,False
33,0.01,203,28356.047503068217,0.12523809523809523,True,[],base_csm,True,False
33,0.02,196,38019.70234008145,0.11285714285714285,True,[],base_csm,True,False
33,0.03,196,27273.55536674341,0.11595238095238095,True,[],base_csm,True,False
33,0.04,195,27387.306588567095,0.11119047619047619,True,[],base_csm,True,False
33,0.05,188,28930.345083715212,0.10761904761904761,True,[],base_csm,True,False
33,0.06,199,38316.758638355546,0.15,True,[],base_csm,True,False
33,0.07,199,25381.204708141206,0.1380952380952381,True,[],base_csm,True,False
33,0.08,203,31006.553732877106,0.1361904761904762,True,[],base_csm,True,False
33,0.09,187,28963.21460018482,0.18452380952380953,True,[],base_csm,True,False
33,0.1,204,25574.580615608564,0.1388095238095238,True,[],base_csm,True,False
33,0.11,202,23932.046943040958,0.15166666666666667,True,[],base_csm,True,False
33,0.12,206,717.5959416143987,0.49547619047619046,True,[],base_csm,True,False
33,0.13,204,28859.111607893254,0.12023809523809524,True,[],base_csm,True,False
33,0.14,207,25621.327108662488,0.22095238095238096,True,[],base_csm,True,False
33,0.15,203,1788.341843649574,0.5728571428571428,True,[],base_csm,True,False
33,0.16,201,3710.6412993279823,0.5397619047619048,True,[],base_csm,True,False
33,0.17,203,647.291205004882,0.5585714285714286,True,[],base_csm,True,False
33,0.18,200,27747.11427472263,0.12738095238095237,True,[],base_csm,True,False
33,0.19,205,879.9374625396483,0.33095238095238094,True,[],base_csm,True,False
33,0.2,213,748.8622648444799,0.31047619047619046,True,[],base_csm,True,False
34,0.0025,202,30573.64219169499,0.12476190476190477,True,[],base_csm,True,False
34,0.01,203,30613.91746703107,0.10238095238095238,True,[],base_csm,True,False
34,0.02,200,28955.256127373614,0.10142857142857142,True,[],base_csm,True,False
34,0.03,193,28738.188031408783,0.115,True,[],base_csm,True,False
34,0.04,204,27556.89240416804,0.11,True,[],base_csm,True,False
34,0.05,190,29343.57517412281,0.09571428571428571,True,[],base_csm,True,False
34,0.06,191,27882.54081339813,0.10976190476190475,True,[],base_csm,True,False
34,0.07,205,29311.840745812755,0.12976190476190477,True,[],base_csm,True,False
34,0.08,201,27534.66974727316,0.13095238095238096,True,[],base_csm,True,False
34,0.09,198,27999.058640931686,0.13,True,[],base_csm,True,False
34,0.1,209,37563.85980591639,0.2292857142857143,True,[],base_csm,True,False
34,0.11,193,25739.96107589466,0.1319047619047619,True,[],base_csm,True,False
34,0.12,196,546.5880263032554,0.42023809523809524,True,[],base_csm,True,False
34,0.13,204,30704.093989997364,0.12261904761904761,True,[],base_csm,True,False
34,0.14,196,27672.035056622237,0.3264285714285714,True,[],base_csm,True,False
34,0.15,203,1005.5083792408902,0.34,True,[],base_csm,True,False
34,0.16,202,14177.466963499382,0.5176190476190476,True,[],base_csm,True,False
34,0.17,204,28318.31888646384,0.18738095238095237,True,[],base_csm,True,False
34,0.18,207,28522.93111675005,0.12166666666666667,True,[],base_csm,True,False
34,0.19,201,1718.3626321786005,0.5047619047619047,True,[],base_csm,True,False
34,0.2,198,4773.935999399322,0.6195238095238095,True,[],base_csm,True,False
35,0.0025,203,28694.383313009796,0.2307142857142857,True,[],base_csm,True,False
35,0.01,208,27906.10047749248,0.195,True,[],base_csm,True,False
35,0.02,199,28155.369857950205,0.15880952380952382,True,[],base_csm,True,False
35,0.03,194,27209.883074819794,0.1792857142857143,True,[],base_csm,True,False
35,0.04,197,28032.044036498988,0.1719047619047619,True,[],base_csm,True,False
35,0.05,202,31035.020103464605,0.16,True,[],base_csm,True,False
35,0.06,208,27409.29421132455,0.1530952380952381,True,[],base_csm,True,False
35,0.07,206,27749.76456685043,0.20642857142857143,True,[],base_csm,True,False
35,0.08,205,28540.931705657076,0.18261904761904763,True,[],base_csm,True,False
35,0.09,218,27139.454866872937,0.2311904761904762,True,[],base_csm,True,False
35,0.1,204,29075.005636523503,0.1930952380952381,True,[],base_csm,True,False
35,0.11,198,24938.910331665185,0.2230952380952381,True,[],base_csm,True,False
35,0.12,204,35093.182588597716,0.585952380952381,True,[],base_csm,True,False
35,0.13,200,28609.26360173946,0.19785714285714287,True,[],base_csm,True,False
35,0.14,190,26972.694465321903,0.1976190476190476,True,[],base_csm,True,False
35,0.15,191,691.1741486090039,0.3414285714285714,True,[],base_csm,True,False
35,0.16,187,28800.110957286102,0.19785714285714287,True,[],base_csm,True,False
35,0.17,198,29020.50915910438,0.22952380952380952,True,[],base_csm,True,False
35,0.18,197,30300.63489242111,0.18452380952380953,True,[],base_csm,True,False
35,0.19,193,29347.937483241603,0.3952380952380952,True,[],base_csm,True,False
35,0.2,198,38819.67632589993,0.2923809523809524,True,[],base_csm,True,False
36,0.0025,202,31237.86899946187,0.21023809523809525,True,[],base_csm,True,False
36,0.01,200,29155.260118936087,0.18071428571428572,True,[],base_csm,True,False
36,0.02,197,27980.94492801337,0.19071428571428573,True,[],base_csm,True,False
36,0.03,198,26452.821635996293,0.19690476190476192,True,[],base_csm,True,False
36,0.04,193,25155.620147327256,0.2154761904761905,True,[],base_csm,True,False
36,0.05,195,29580.76402354986,0.16642857142857143,True,[],base_csm,True,False
36,0.06,202,25570.146838342334,0.22142857142857142,True,[],base_csm,True,False
36,0.07,203,26543.624878410843,0.20785714285714285,True,[],base_csm,True,False
36,0.08,198,29397.679343289383,0.20261904761904762,True,[],base_csm,True,False
36,0.09,207,37224.87170154369,0.28095238095238095,True,[],base_csm,True,False
36,0.1,192,27174.08051319433,0.2138095238095238,True,[],base_csm,True,False
36,0.11,195,29064.618685284313,0.2509523809523809,True,[],base_csm,True,False
36,0.12,200,30098.718749172345,0.21666666666666667,True,[],base_csm,True,False
36,0.13,186,27160.909414284542,0.20857142857142857,True,[],base_csm,True,False
36,0.14,196,26183.243970430445,0.2288095238095238,True,[],base_csm,True,False
36,0.15,199,666.3905677308538,0.31238095238095237,True,[],base_csm,True,False
36,0.16,207,28538.212303376335,0.21452380952380953,True,[],base_csm,True,False
36,0.17,198,31416.151615437895,0.22738095238095238,True,[],base_csm,True,False
36,0.18,213,30261.224788007148,0.20357142857142857,True,[],base_csm,True,False
36,0.19,207,32189.110964751333,0.47904761904761906,True,[],base_csm,True,False
36,0.2,212,37715.57479164543,0.435952380952381,True,[],base_csm,True,False
37,0.0025,209,30555.44831177018,0.1911904761904762,True,[],base_csm,True,False
37,0.01,203,28874.6028045287,0.17047619047619048,True,[],base_csm,True,False
37,0.02,192,27591.818515966293,0.15857142857142856,True,[],base_csm,True,False
37,0.03,211,28610.760082119927,0.16428571428571428,True,[],base_csm,True,False
37,0.04,202,25327.401719798665,0.17238095238095238,True,[],base_csm,True,False
37,0.05,201,28290.577714794996,0.16547619047619047,True,[],base_csm,True,False
37,0.06,211,29357.6255062917,0.15452380952380954,True,[],base_csm,True,False
37,0.07,197,36332.10979121686,0.24071428571428571,True,[],base_csm,True,False
37,0.08,198,27097.009606782805,0.17857142857142858,True,[],base_csm,True,False
37,0.09,208,31528.545842132102,0.17809523809523808,True,[],base_csm,True,False
37,0.1,197,26537.31265962294,0.18357142857142858,True,[],base_csm,True,False
37,0.11,209,30953.4615929512,0.205,True,[],base_csm,True,False
37,0.12,188,30402.757827520207,0.16595238095238096,True,[],base_csm,True,False
37,0.13,193,24960.374189050915,0.18595238095238095,True,[],base_csm,True,False
37,0.14,186,27274.87477035284,0.17904761904761904,True,[],base_csm,True,False
37,0.15,209,615.4978420714722,0.435952380952381,True,[],base_csm,True,False
37,0.16,195,28372.494166499615,0.19238095238095237,True,[],base_csm,True,False
37,0.17,203,28349.23668461343,0.18428571428571427,True,[],base_csm,True,False
37,0.18,202,29784.779832852757,0.18833333333333332,True,[],base_csm,True,False
37,0.19,201,29921.628913546425,0.19095238095238096,True,[],base_csm,True,False
37,0.2,185,39093.79384761028,0.43,True,[],base_csm,True,False
38,0.0025,204,29709.314444526375,0.1392857142857143,True,[],base_csm,True,False
38,0.01,198,28330.38498625395,0.14023809523809525,True,[],base_csm,True,False
38,0.02,197,27980.804807691344,0.12285714285714286,True,[],base_csm,True,False
38,0.03,200,29982.584548433293,0.13047619047619047,True,[],base_csm,True,False
38,0.04,201,26869.028483433885,0.13071428571428573,True,[],base_csm,True,False
38,0.05,203,37597.605337633984,0.355,True,[],base_csm,True,False
38,0.06,210,28943.262469627974,0.1311904761904762,True,[],base_csm,True,False
38,0.07,200,27602.24237518571,0.145,True,[],base_csm,True,False
38,0.08,202,26543.213673352235,0.14904761904761904,True,[],base_csm,True,False
38,0.09,197,28714.677963374936,0.1392857142857143,True,[],base_csm,True,False
38,0.1,197,28145.74304529046,0.12785714285714286,True,[],base_csm,True,False
38,0.11,186,28868.65343244532,0.17023809523809524,True,[],base_csm,True,False
38,0.12,196,27909.299882732885,0.14095238095238094,True,[],base_csm,True,False
38,0.13,197,25563.515832801226,0.1419047619047619,True,[],base_csm,True,False
38,0.14,190,29481.54274874705,0.13642857142857143,True,[],base_csm,True,False
38,0.15,206,1292.9969468137224,0.9778571428571429,True,[],base_csm,True,False
38,0.16,196,30114.979322998624,0.13952380952380952,True,[],base_csm,True,False
38,0.17,208,29217.825131531576,0.13071428571428573,True,[],base_csm,True,False
38,0.18,196,32504.829051077588,0.1523809523809524,True,[],base_csm,True,False
38,0.19,203,33771.060286347216,0.15119047619047618,True,[],base_csm,True,False
38,0.2,213,34892.56811495163,0.4688095238095238,True,[],base_csm,True,False
39,0.0025,203,32848.902843202035,0.07214285714285715,True,[],base_csm,True,False
39,0.01,194,27106.21188609981,0.06,True,[],base_csm,True,False
39,0.02,212,25489.23068326592,0.0530952380952381,True,[],base_csm,True,False
39,0.03,203,27026.263185782118,0.06142857142857143,True,[],base_csm,True,False
39,0.04,193,25368.954689391918,0.05357142857142857,True,[],base_csm,True,False
39,0.05,202,29047.18145557484,0.05952380952380952,True,[],base_csm,True,False
39,0.06,204,27476.638200728234,0.05761904761904762,True,[],base_csm,True,False
39,0.07,198,27635.11302391766,0.06357142857142857,True,[],base_csm,True,False
39,0.08,202,30967.04242745445,0.06928571428571428,True,[],base_csm,True,False
39,0.09,214,25104.439267471542,0.06357142857142857,True,[],base_csm,True,False
39,0.1,196,26905.261652423138,0.06333333333333334,True,[],base_csm,True,False
39,0.11,210,28957.694227492924,0.06595238095238096,True,[],base_csm,True,False
39,0.12,208,29077.900036220934,0.06285714285714286,True,[],base_csm,True,False
39,0.13,202,29773.805409602828,0.062380952380952384,True,[],base_csm,True,False
39,0.14,200,31503.980737324404,0.06166666666666667,True,[],base_csm,True,False
39,0.15,195,22391.34971989642,0.35,True,[],base_csm,True,False
39,0.16,189,39585.734448675954,0.2130952380952381,True,[],base_csm,True,False
39,0.17,199,28797.037034705285,0.07261904761904762,True,[],base_csm,True,False
39,0.18,190,31850.95432567212,0.055714285714285716,True,[],base_csm,True,False
39,0.19,189,33035.86203673065,0.06642857142857143,True,[],base_csm,True,False
39,0.2,197,27591.730647508528,0.43404761904761907,True,[],base_csm,True,False
40,0.0025,207,30297.648267782835,0.0030952380952380953,True,[],base_csm,True,False
40,0.01,195,28220.26990405206,0.0030952380952380953,True,[],base_csm,True,False
40,0.02,200,29134.823616812784,0.004761904761904762,True,[],base_csm,True,False
40,0.03,198,27782.650210939722,0.004047619047619047,True,[],base_csm,True,False
40,0.04,195,27011.894864192338,0.005,True,[],base_csm,True,False
40,0.05,198,26887.138689814325,0.005,True,[],base_csm,True,False
40,0.06,196,28213.345795353398,0.005238095238095238,True,[],base_csm,True,False
40,0.07,205,27850.83724796695,0.005238095238095238,True,[],base_csm,True,False
40,0.08,202,30305.92079481425,0.005,True,[],base_csm,True,False
40,0.09,205,36275.19572909016,0.11785714285714285,True,[],base_csm,True,False
40,0.1,200,29851.756133068335,0.006904761904761905,True,[],base_csm,True,False
40,0.11,213,28119.98982351633,0.002619047619047619,True,[],base_csm,True,False
40,0.12,205,28678.374269295327,0.0033333333333333335,True,[],base_csm,True,False
40,0.13,198,28322.696183969027,0.0038095238095238095,True,[],base_csm,True,False
40,0.14,196,29314.309959844948,0.004285714285714286,True,[],base_csm,True,False
40,0.15,194,21641.955137962676,0.37214285714285716,True,[],base_csm,True,False
40,0.16,186,27740.63531394732,0.0038095238095238095,True,[],base_csm,True,False
40,0.17,191,29615.925468700636,0.005238095238095238,True,[],base_csm,True,False
40,0.18,204,28890.337774981417,0.0038095238095238095,True,[],base_csm,True,False
40,0.19,206,31329.43142219337,0.004285714285714286,True,[],base_csm,True,False
40,0.2,206,24061.417885156592,0.39380952380952383,True,[],base_csm,True,False
41,0.0025,196,36841.52890477929,0.17166666666666666,True,[],base_csm,True,False
41,0.01,195,29518.091145442642,0.13071428571428573,True,[],base_csm,True,False
41,0.02,202,29083.0210616752,0.12523809523809523,True,[],base_csm,True,False
41,0.03,205,29283.577565739262,0.12547619047619046,True,[],base_csm,True,False
41,0.04,202,26954.008965437395,0.11666666666666667,True,[],base_csm,True,False
41,0.05,210,29728.875322834214,0.12595238095238095,True,[],base_csm,True,False
41,0.06,189,30374.20052682512,0.14666666666666667,True,[],base_csm,True,False
41,0.07,196,28315.459342282848,0.12714285714285714,True,[],base_csm,True,False
41,0.08,196,27078.276622336598,0.12071428571428572,True,[],base_csm,True,False
41,0.09,201,28713.653198957516,0.1319047619047619,True,[],base_csm,True,False
41,0.1,197,28193.504848015593,0.11785714285714285,True,[],base_csm,True,False
41,0.11,200,27854.966852781803,0.12928571428571428,True,[],base_csm,True,False
41,0.12,195,27279.564196734034,0.13952380952380952,True,[],base_csm,True,False
41,0.13,206,26505.173655254675,0.11523809523809524,True,[],base_csm,True,False
41,0.14,192,31293.863495687263,0.12333333333333334,True,[],base_csm,True,False
41,0.15,198,23568.82147624385,0.37976190476190474,True,[],base_csm,True,False
41,0.16,206,30988.475996570538,0.13476190476190475,True,[],base_csm,True,False
41,0.17,216,27979.379813003445,0.13380952380952382,True,[],base_csm,True,False
41,0.18,191,28232.175613090432,0.14166666666666666,True,[],base_csm,True,False
41,0.19,198,29756.930682671093,0.13452380952380952,True,[],base_csm,True,False
41,0.2,209,24568.004533297073,0.4804761904761905,True,[],base_csm,True,False
42,0.0025,188,31866.182533463285,0.11619047619047619,True,[],base_csm,True,False
42,0.01,191,29589.310757058647,0.09642857142857143,True,[],base_csm,True,False
42,0.02,198,27439.52271397623,0.07666666666666666,True,[],base_csm,True,False
42,0.03,196,28415.871518108972,0.05047619047619047,True,[],base_csm,True,False
42,0.04,196,25920.67538141071,0.08166666666666667,True,[],base_csm,True,False
42,0.05,187,29679.520557944106,0.09952380952380953,True,[],base_csm,True,False
42,0.06,198,27581.56391361156,0.09238095238095238,True,[],base_csm,True,False
42,0.07,198,31182.05689894876,0.09166666666666666,True,[],base_csm,True,False
42,0.08,204,29452.26119127774,0.05785714285714286,True,[],base_csm,True,False
42,0.09,207,27745.08121708092,0.06547619047619048,True,[],base_csm,True,False
42,0.1,203,26924.172235664886,0.11166666666666666,True,[],base_csm,True,False
42,0.11,200,27008.551391548368,0.10904761904761905,True,[],base_csm,True,False
42,0.12,203,28344.741883223935,0.09238095238095238,True,[],base_csm,True,False
42,0.13,202,30269.047607864897,0.12452380952380952,True,[],base_csm,True,False
42,0.14,208,29901.040865503404,0.06619047619047619,True,[],base_csm,True,False
42,0.15,200,23089.788898878513,0.3404761904761905,True,[],base_csm,True,False
42,0.16,217,27097.202842312345,0.11595238095238095,True,[],base_csm,True,False
42,0.17,205,27723.686264781223,0.07571428571428572,True,[],base_csm,True,False
42,0.18,202,28234.823037518592,0.10357142857142858,True,[],base_csm,True,False
42,0.19,200,32198.34415798522,0.08738095238095238,True,[],base_csm,True,False
42,0.2,197,998.8560272195193,0.4738095238095238,True,[],base_csm,True,False
43,0.0025,198,30690.017899430477,0.04523809523809524,True,[],base_csm,True,False
43,0.01,197,38441.15181751858,0.29619047619047617,True,[],base_csm,True,False
43,0.02,198,26727.98676791919,0.03142857142857143,True,[],base_csm,True,False
43,0.03,201,30558.852842610242,0.02738095238095238,True,[],base_csm,True,False
43,0.04,200,25004.27325519186,0.029285714285714286,True,[],base_csm,True,False
43,0.05,214,32370.068027423495,0.02880952380952381,True,[],base_csm,True,False
43,0.06,206,27913.162889191524,0.03404761904761905,True,[],base_csm,True,False
43,0.07,206,28461.309759072512,0.035476190476190474,True,[],base_csm,True,False
43,0.08,194,28830.95095983494,0.02976190476190476,True,[],base_csm,True,False
43,0.09,186,30030.46474264374,0.03380952380952381,True,[],base_csm,True,False
43,0.1,198,29031.5159412197,0.03261904761904762,True,[],base_csm,True,False
43,0.11,203,27230.84021158634,0.035238095238095235,True,[],base_csm,True,False
43,0.12,214,27374.012235360864,0.027142857142857142,True,[],base_csm,True,False
43,0.13,197,29246.245010878156,0.030714285714285715,True,[],base_csm,True,False
43,0.14,200,32686.40995281587,0.03785714285714286,True,[],base_csm,True,False
43,0.15,195,20481.608842875965,0.4328571428571429,True,[],base_csm,True,False
43,0.16,188,29648.0945494084,0.034761904761904765,True,[],base_csm,True,False
43,0.17,195,26219.549661731446,0.03404761904761905,True,[],base_csm,True,False
43,0.18,205,26961.02013869202,0.035,True,[],base_csm,True,False
43,0.19,209,31823.876903876353,0.03976190476190476,True,[],base_csm,True,False
43,0.2,196,22860.89718549993,0.44976190476190475,True,[],base_csm,True,False
44,0.0025,206,30642.955992258703,0.055,True,[],base_csm,True,False
44,0.01,200,27898.714937395984,0.05261904761904762,True,[],base_csm,True,False
44,0.02,205,27872.713379423065,0.04285714285714286,True,[],base_csm,True,False
44,0.03,195,28572.011270097963,0.05785714285714286,True,[],base_csm,True,False
44,0.04,190,27959.12423906223,0.05,True,[],base_csm,True,False
44,0.05,203,29866.89181688523,0.06,True,[],base_csm,True,False
44,0.06,201,30126.05665100626,0.05261904761904762,True,[],base_csm,True,False
44,0.07,202,27411.350769942164,0.06476190476190476,True,[],base_csm,True,False
44,0.08,200,25297.40826899369,0.05380952380952381,True,[],base_csm,True,False
44,0.09,190,29560.53519629991,0.06095238095238095,True,[],base_csm,True,False
44,0.1,202,27916.085460797567,0.051904761904761905,True,[],base_csm,True,False
44,0.11,197,28095.67207327466,0.06690476190476191,True,[],base_csm,True,False
44,0.12,203,29853.155561594893,0.05261904761904762,True,[],base_csm,True,False
44,0.13,204,32604.538866425377,0.07785714285714286,True,[],base_csm,True,False
44,0.14,212,29004.88726465937,0.0530952380952381,True,[],base_csm,True,False
44,0.15,199,25782.550437080037,0.4342857142857143,True,[],base_csm,True,False
44,0.16,200,28802.17940912393,0.06119047619047619,True,[],base_csm,True,False
44,0.17,192,28387.46891538866,0.04928571428571429,True,[],base_csm,True,False
44,0.18,197,30364.16805737157,0.054285714285714284,True,[],base_csm,True,False
44,0.19,204,35089.07218373274,0.05142857142857143,True,[],base_csm,True,False
44,0.2,198,21091.32662728413,0.445,True,[],base_csm,True,False
45,0.0025,193,31545.68626347612,0.12666666666666668,True,[],base_csm,True,False
45,0.01,206,31086.442444781616,0.10642857142857143,True,[],base_csm,True,False
45,0.02,212,26062.471348497842,0.11476190476190476,True,[],base_csm,True,False
45,0.03,205,29037.41964235431,0.09976190476190476,True,[],base_csm,True,False
45,0.04,183,26251.678560708755,0.125,True,[],base_csm,True,False
45,0.05,199,38326.52382688905,0.19476190476190477,True,[],base_csm,True,False
45,0.06,204,27595.381138827648,0.18095238095238095,True,[],base_csm,True,False
45,0.07,190,28317.992600023306,0.16333333333333333,True,[],base_csm,True,False
45,0.08,191,27814.86994454205,0.11166666666666666,True,[],base_csm,True,False
45,0.09,212,34547.69623014749,0.11166666666666666,True,[],base_csm,True,False
45,0.1,204,28135.441630727903,0.17095238095238094,True,[],base_csm,True,False
45,0.11,196,30455.538274682745,0.19952380952380952,True,[],base_csm,True,False
45,0.12,206,27869.776293988965,0.12,True,[],base_csm,True,False
45,0.13,200,27721.191598184567,0.14214285714285715,True,[],base_csm,True,False
45,0.14,195,28492.88366578665,0.14238095238095239,True,[],base_csm,True,False
45,0.15,194,38750.43582915348,0.4216666666666667,True,[],base_csm,True,False
45,0.16,201,27823.31482799699,0.15571428571428572,True,[],base_csm,True,False
45,0.17,189,29765.39787568757,0.095,True,[],base_csm,True,False
45,0.18,203,28787.04838351257,0.10785714285714286,True,[],base_csm,True,False
45,0.19,217,31002.00367948239,0.09285714285714286,True,[],base_csm,True,False
45,0.2,200,22252.952902430803,0.4147619047619048,True,[],base_csm,True,False
46,0.0025,206,29937.993603951458,0.0054761904761904765,True,[],base_csm,True,False
46,0.01,190,30278.306532467825,0.009761904761904762,True,[],base_csm,True,False
46,0.02,207,26783.56548149146,0.007619047619047619,True,[],base_csm,True,False
46,0.03,201,29631.4659426938,0.005952380952380952,True,[],base_csm,True,False
46,0.04,207,25387.62997887017,0.010238095238095239,True,[],base_csm,True,False
46,0.05,194,29860.361902523513,0.012380952380952381,True,[],base_csm,True,False
46,0.06,186,29806.853099079406,0.009761904761904762,True,[],base_csm,True,False
46,0.07,193,26308.805892018245,0.007619047619047619,True,[],base_csm,True,False
46,0.08,209,28249.680056313475,0.007857142857142858,True,[],base_csm,True,False
46,0.09,208,30692.925350167014,0.007857142857142858,True,[],base_csm,True,False
46,0.1,203,37847.00980011096,0.22714285714285715,True,[],base_csm,True,False
46,0.11,203,28748.056720399425,0.004523809523809524,True,[],base_csm,True,False
46,0.12,197,30346.623604108798,0.006190476190476191,True,[],base_csm,True,False
46,0.13,209,30148.49041466709,0.0054761904761904765,True,[],base_csm,True,False
46,0.14,196,30889.732283136906,0.005952380952380952,True,[],base_csm,True,False
46,0.15,195,38437.062671889944,0.42642857142857143,True,[],base_csm,True,False
46,0.16,192,28952.37928612008,0.006904761904761905,True,[],base_csm,True,False
46,0.17,196,28590.349258911356,0.007619047619047619,True,[],base_csm,True,False
46,0.18,199,30517.449607046234,0.005714285714285714,True,[],base_csm,True,False
46,0.19,214,29063.59907042218,0.005,True,[],base_csm,True,False
46,0.2,195,37898.87877192532,0.4573809523809524,True,[],base_csm,True,False
47,0.0025,194,31327.975442896357,0.0033333333333333335,True,[],base_csm,True,False
47,0.01,189,31681.93313198347,0.004761904761904762,True,[],base_csm,True,False
47,0.02,196,27853.097653509456,0.0064285714285714285,True,[],base_csm,True,False
47,0.03,210,32107.41339638206,0.0064285714285714285,True,[],base_csm,True,False
47,0.04,204,27017.950747252926,0.016904761904761905,True,[],base_csm,True,False
47,0.05,198,28998.161443676578,0.010714285714285714,True,[],base_csm,True,False
47,0.06,209,28814.74032346155,0.009285714285714286,True,[],base_csm,True,False
47,0.07,213,27749.528823251923,0.008333333333333333,True,[],base_csm,True,False
47,0.08,190,28337.459260054387,0.008095238095238095,True,[],base_csm,True,False
47,0.09,190,30285.498914272866,0.007380952380952381,True,[],base_csm,True,False
47,0.1,200,28993.937679572948,0.01,True,[],base_csm,True,False
47,0.11,196,29833.02514790581,0.004523809523809524,True,[],base_csm,True,False
47,0.12,201,30807.82378862668,0.0054761904761904765,True,[],base_csm,True,False
47,0.13,203,25764.115960360807,0.009047619047619047,True,[],base_csm,True,False
47,0.14,195,28869.27583069491,0.008095238095238095,True,[],base_csm,True,False
47,0.15,203,31265.395687478063,0.007619047619047619,True,[],base_csm,True,False
47,0.16,196,28312.44611607777,0.008095238095238095,True,[],base_csm,True,False
47,0.17,200,29700.25537458188,0.008809523809523809,True,[],base_csm,True,False
47,0.18,207,29084.196401871992,0.006904761904761905,True,[],base_csm,True,False
47,0.19,198,32101.66736106637,0.005238095238095238,True,[],base_csm,True,False
47,0.2,208,30068.541255161344,0.005238095238095238,True,[],base_csm,True,False
48,0.0025,198,33213.83969992645,0.004523809523809524,True,[],base_csm,True,False
48,0.01,202,28550.224278841135,0.009761904761904762,True,[],base_csm,True,False
48,0.02,217,29387.5876908796,0.006904761904761905,True,[],base_csm,True,False
48,0.03,200,27950.07561123235,0.009047619047619047,True,[],base_csm,True,False
48,0.04,191,24800.114265560453,0.011428571428571429,True,[],base_csm,True,False
48,0.05,195,28132.352798455744,0.010476190476190476,True,[],base_csm,True,False
48,0.06,208,30438.485697489767,0.011428571428571429,True,[],base_csm,True,False
48,0.07,201,28065.667983813462,0.009285714285714286,True,[],base_csm,True,False
48,0.08,205,29873.766264593,0.005714285714285714,True,[],base_csm,True,False
48,0.09,202,31007.821505546948,0.009761904761904762,True,[],base_csm,True,False
48,0.1,182,32391.29802278745,0.007857142857142858,True,[],base_csm,True,False
48,0.11,188,28806.032563686516,0.01,True,[],base_csm,True,False
48,0.12,199,28241.14951820683,0.009285714285714286,True,[],base_csm,True,False
48,0.13,195,28278.475101072803,0.007380952380952381,True,[],base_csm,True,False
48,0.14,202,28215.22004508593,0.0064285714285714285,True,[],base_csm,True,False
48,0.15,216,29871.173651905294,0.009285714285714286,True,[],base_csm,True,False
48,0.16,199,30441.362477010305,0.010476190476190476,True,[],base_csm,True,False
48,0.17,200,29602.292547533827,0.009285714285714286,True,[],base_csm,True,False
48,0.18,201,28742.781667544463,0.010238095238095239,True,[],base_csm,True,False
48,0.19,196,27936.456773800233,0.008571428571428572,True,[],base_csm,True,False
48,0.2,203,27693.835309627524,0.009285714285714286,True,[],base_csm,True,False
49,0.0025,195,31049.651754293493,0.005952380952380952,True,[],base_csm,True,False
49,0.01,200,29502.519833043152,0.010952380952380953,True,[],base_csm,True,False
49,0.02,206,26896.776333907655,0.009761904761904762,True,[],base_csm,True,False
49,0.03,196,32983.687859602345,0.005952380952380952,True,[],base_csm,True,False
49,0.04,210,25296.935983154173,0.016904761904761905,True,[],base_csm,True,False
49,0.05,210,27948.068857170914,0.015,True,[],base_csm,True,False
49,0.06,218,29476.34282074371,0.011666666666666667,True,[],base_csm,True,False
49,0.07,201,29418.851587404006,0.0064285714285714285,True,[],base_csm,True,False
49,0.08,208,28649.916511584957,0.010238095238095239,True,[],base_csm,True,False
49,0.09,189,29462.36643043757,0.008809523809523809,True,[],base_csm,True,False
49,0.1,183,28098.2916242592,0.013333333333333334,True,[],base_csm,True,False
49,0.11,191,26325.32960889265,0.010714285714285714,True,[],base_csm,True,False
49,0.12,195,28538.325628227838,0.007619047619047619,True,[],base_csm,True,False
49,0.13,199,29391.575556907013,0.0064285714285714285,True,[],base_csm,True,False
49,0.14,203,29468.37639502678,0.010476190476190476,True,[],base_csm,True,False
49,0.15,205,29021.426618383706,0.01119047619047619,True,[],base_csm,True,False
49,0.16,213,31186.856013166067,0.006190476190476191,True,[],base_csm,True,False
49,0.17,184,30957.323090790676,0.007619047619047619,True,[],base_csm,True,False
49,0.18,192,28843.32804153666,0.010714285714285714,True,[],base_csm,True,False
49,0.19,207,29919.87979261469,0.004285714285714286,True,[],base_csm,True,False
49,0.2,195,30326.400740992678,0.009047619047619047,True,[],base_csm,True,False
50,0.0025,204,32275.012251959255,0.004523809523809524,True,[],base_csm,True,False
50,0.01,206,28430.293609282853,0.011428571428571429,True,[],base_csm,True,False
50,0.02,189,25946.132145149615,0.01380952380952381,True,[],base_csm,True,False
50,0.03,206,32103.21805402606,0.006904761904761905,True,[],base_csm,True,False
50,0.04,186,26560.33196489983,0.015476190476190477,True,[],base_csm,True,False
50,0.05,197,29195.514941302004,0.017142857142857144,True,[],base_csm,True,False
50,0.06,201,27063.815206918334,0.015238095238095238,True,[],base_csm,True,False
50,0.07,199,28864.988104911226,0.01,True,[],base_csm,True,False
50,0.08,210,29897.43359526779,0.007619047619047619,True,[],base_csm,True,False
50,0.09,196,30235.66352675211,0.007857142857142858,True,[],base_csm,True,False
50,0.1,196,26070.095315523205,0.01380952380952381,True,[],base_csm,True,False
50,0.11,194,29834.430679795823,0.0054761904761904765,True,[],base_csm,True,False
50,0.12,213,28603.81433210025,0.008571428571428572,True,[],base_csm,True,False
50,0.13,206,28337.503874485512,0.007380952380952381,True,[],base_csm,True,False
50,0.14,206,29497.48270437379,0.008571428571428572,True,[],base_csm,True,False
50,0.15,205,28887.957273390006,0.012380952380952381,True,[],base_csm,True,False
50,0.16,207,29126.499407019208,0.010238095238095239,True,[],base_csm,True,False
50,0.17,204,29702.398463435566,0.008809523809523809,True,[],base_csm,True,False
50,0.18,178,30510.20469816758,0.010476190476190476,True,[],base_csm,True,False
50,0.19,202,27690.881661122825,0.008809523809523809,True,[],base_csm,True,False
50,0.2,195,30270.122597193335,0.007857142857142858,True,[],base_csm,True,False
51,0.0025,194,30901.473113726195,0.006904761904761905,True,[],base_csm,True,False
51,0.01,197,27583.798143357093,0.011904761904761904,True,[],base_csm,True,False
51,0.02,201,28430.477029434292,0.010238095238095239,True,[],base_csm,True,False
51,0.03,200,28175.9514124804,0.009523809523809525,True,[],base_csm,True,False
51,0.04,198,25754.9519875512,0.02023809523809524,True,[],base_csm,True,False
51,0.05,207,29826.1732049161,0.012857142857142857,True,[],base_csm,True,False
51,0.06,206,31069.540802225685,0.010714285714285714,True,[],base_csm,True,False
51,0.07,200,25269.632398544018,0.012619047619047618,True,[],base_csm,True,False
51,0.08,194,28921.008097801296,0.007142857142857143,True,[],base_csm,True,False
51,0.09,216,30934.998676837684,0.008333333333333333,True,[],base_csm,True,False
51,0.1,185,29803.43373542096,0.014761904761904763,True,[],base_csm,True,False
51,0.11,199,30579.004667870842,0.006904761904761905,True,[],base_csm,True,False
51,0.12,206,26319.49566953583,0.009285714285714286,True,[],base_csm,True,False
51,0.13,201,28982.031041629874,0.008095238095238095,True,[],base_csm,True,False
51,0.14,204,29988.261504030266,0.008095238095238095,True,[],base_csm,True,False
51,0.15,191,27856.213245335417,0.011666666666666667,True,[],base_csm,True,False
51,0.16,206,29634.401981297557,0.01,True,[],base_csm,True,False
51,0.17,198,27227.483720243537,0.012142857142857143,True,[],base_csm,True,False
51,0.18,200,28934.641679288703,0.017142857142857144,True,[],base_csm,True,False
51,0.19,197,31816.457728096186,0.004285714285714286,True,[],base_csm,True,False
51,0.2,200,29012.7192901602,0.005952380952380952,True,[],base_csm,True,False
52,0.0025,195,36610.316042789076,0.004761904761904762,True,[],base_csm,True,False
52,0.01,185,28072.84642794144,0.009047619047619047,True,[],base_csm,True,False
52,0.02,196,30833.879636609996,0.010238095238095239,True,[],base_csm,True,False
52,0.03,213,27524.611779384217,0.013571428571428571,True,[],base_csm,True,False
52,0.04,190,27349.396537572837,0.023333333333333334,True,[],base_csm,True,False
52,0.05,198,28598.99625981301,0.017142857142857144,True,[],base_csm,True,False
52,0.06,213,28923.69113902219,0.016428571428571428,True,[],base_csm,True,False
52,0.07,193,25089.881466494215,0.008571428571428572,True,[],base_csm,True,False
52,0.08,206,30792.346700589904,0.007142857142857143,True,[],base_csm,True,False
52,0.09,195,31090.63489761121,0.007857142857142858,True,[],base_csm,True,False
52,0.1,205,28938.859785344728,0.009047619047619047,True,[],base_csm,True,False
52,0.11,208,28222.704809073348,0.009523809523809525,True,[],base_csm,True,False
52,0.12,191,27619.14442562767,0.009285714285714286,True,[],base_csm,True,False
52,0.13,208,30781.664082515927,0.007857142857142858,True,[],base_csm,True,False
52,0.14,192,31103.511200594716,0.007142857142857143,True,[],base_csm,True,False
52,0.15,201,26471.372922404928,0.02142857142857143,True,[],base_csm,True,False
52,0.16,203,26919.302363484647,0.015714285714285715,True,[],base_csm,True,False
52,0.17,213,30080.047212813457,0.009285714285714286,True,[],base_csm,True,False
52,0.18,200,26904.155123747096,0.019761904761904762,True,[],base_csm,True,False
52,0.19,197,28291.51270030611,0.01119047619047619,True,[],base_csm,True,False
52,0.2,198,28235.142526628308,0.009047619047619047,True,[],base_csm,True,False
53,0.0025,199,28954.29857467034,0.009761904761904762,True,[],base_csm,True,False
53,0.01,214,27205.968741340457,0.02261904761904762,True,[],base_csm,True,False
53,0.02,205,29545.432617931085,0.011904761904761904,True,[],base_csm,True,False
53,0.03,197,32305.206515496502,0.007380952380952381,True,[],base_csm,True,False
53,0.04,199,29173.7752782233,0.011428571428571429,True,[],base_csm,True,False
53,0.05,203,27771.650917992094,0.02738095238095238,True,[],base_csm,True,False
53,0.06,207,27201.559428510744,0.02095238095238095,True,[],base_csm,True,False
53,0.07,198,29657.090659076744,0.012142857142857143,True,[],base_csm,True,False
53,0.08,202,24387.929120673696,0.015714285714285715,True,[],base_csm,True,False
53,0.09,200,31019.553042388306,0.008095238095238095,True,[],base_csm,True,False
53,0.1,203,31590.992172093927,0.007857142857142858,True,[],base_csm,True,False
53,0.11,196,30251.730984813268,0.005952380952380952,True,[],base_csm,True,False
53,0.12,206,28876.6682692874,0.015238095238095238,True,[],base_csm,True,False
53,0.13,203,26631.512008926587,0.007857142857142858,True,[],base_csm,True,False
53,0.14,210,30028.83323041578,0.010238095238095239,True,[],base_csm,True,False
53,0.15,194,29396.26695697579,0.008333333333333333,True,[],base_csm,True,False
53,0.16,181,31117.825907709648,0.010476190476190476,True,[],base_csm,True,False
53,0.17,196,29557.125826111744,0.007380952380952381,True,[],base_csm,True,False
53,0.18,193,28524.297543709148,0.017380952380952382,True,[],base_csm,True,False
53,0.19,199,29131.676940351335,0.012142857142857143,True,[],base_csm,True,False
53,0.2,195,30350.651802968416,0.0064285714285714285,True,[],base_csm,True,False
