cap,cap_percent,selection_path_count,holdout_path_count,observed_control_action_path_count,selection_value_semantics,holdout_value_semantics,economically_active,is_optimal_first_year_cap,outer_fold_pure,outer_fold_count,csm_derived_from_components,selection_estimated_q_new_business_csm_proxy_aud,selection_standard_error_new_business_csm_proxy_aud,holdout_estimated_q_new_business_csm_proxy_aud,holdout_estimated_q_fees_product_aud,holdout_estimated_q_fees_lip_aud,holdout_estimated_q_crediting_margin_aud,holdout_estimated_q_mva_retained_aud,holdout_estimated_q_aps_retained_aud,holdout_estimated_q_guarantee_claims_aud,holdout_estimated_q_other_insurer_funded_benefits_aud,holdout_estimated_q_expenses_aud,holdout_estimated_q_hedge_costs_aud,holdout_standard_error_new_business_csm_proxy_aud
0.0025,0.25,208,208,208,outer-fold direct action-cell target under the frozen screened future policy; every complete path held out once,outer-fold direct target at realised next account value,True,True,True,5,True,86917.14736636332,1098.1692669055508,86917.14736636332,7541.178680790991,28907.851609698802,135889.9489967444,736.538615474646,0.0,47253.53551572952,0.0,9138.889344642035,29765.94567597396,1098.1692669055508
0.01,1.0,194,194,194,outer-fold direct action-cell target under the frozen screened future policy; every complete path held out once,outer-fold direct target at realised next account value,True,False,True,5,True,83927.95371225114,1053.5902585482033,83927.95371225114,7571.1779177525095,29022.84868471795,133936.84055459322,727.4248878822857,0.0,48059.87497376251,0.0,9160.830508680328,30109.632850251957,1053.5902585482033
0.02,2.0,203,203,203,outer-fold direct action-cell target under the frozen screened future policy; every complete path held out once,outer-fold direct target at realised next account value,True,False,True,5,True,85665.81639182358,1182.8509244510196,85665.81639182358,7637.648914193092,29277.65417107353,138011.0160534924,740.4458649824235,0.0,46757.50029499108,0.0,9157.075466535016,34086.372850391774,1182.8509244510196
0.03,3.0,195,195,195,outer-fold direct action-cell target under the frozen screened future policy; every complete path held out once,outer-fold direct target at realised next account value,True,False,True,5,True,81853.53696803698,1002.2909446470128,81853.53696803698,7690.460461699438,29480.098436514512,135517.75040652807,703.2701648346585,0.0,47833.91424443466,0.0,9190.403712938321,34513.72454416672,1002.2909446470128
0.04,4.0,212,212,212,outer-fold direct action-cell target under the frozen screened future policy; every complete path held out once,outer-fold direct target at realised next account value,True,False,True,5,True,81615.68904286569,1034.978157613344,81615.68904286569,7710.223081019422,29555.85514390779,136941.90596921145,707.9569437908883,0.0,47653.272636688045,0.0,9194.522826785576,36452.45663159023,1034.978157613344
0.05,5.0,200,200,200,outer-fold direct action-cell target under the frozen screened future policy; every complete path held out once,outer-fold direct target at realised next account value,True,False,True,5,True,81807.19434261933,1082.76763387421,81807.19434261933,7762.172964746195,29754.996364860417,137953.91487248364,715.5975812296228,0.0,47535.17010005454,0.0,9209.014160146653,37635.30318049936,1082.76763387421
0.060000000000000005,6.000000000000001,209,209,209,outer-fold direct action-cell target under the frozen screened future policy; every complete path held out once,outer-fold direct target at realised next account value,True,False,True,5,True,80942.63432872604,1203.0575986446095,80942.63432872604,7844.948452529399,30072.3024013627,138680.69419764052,698.2833889407812,0.0,47255.61753269051,0.0,9223.670967399788,39874.30561165707,1203.0575986446095
0.06999999999999999,6.999999999999999,204,204,204,outer-fold direct action-cell target under the frozen screened future policy; every complete path held out once,outer-fold direct target at realised next account value,True,False,True,5,True,81072.18811013125,1098.6102112368617,81072.18811013125,7866.922414262241,30156.5359213386,139168.47230101252,695.6228682170495,0.0,47454.440918885826,0.0,9236.92380868755,40124.0006671258,1098.6102112368617
0.08,8.0,195,195,195,outer-fold direct action-cell target under the frozen screened future policy; every complete path held out once,outer-fold direct target at realised next account value,True,False,True,5,True,82299.71161124832,961.3672425744429,82299.71161124832,7906.999311198739,30310.16402626183,141579.76143093637,704.9414227482182,0.0,46525.18302558704,0.0,9235.365063664109,42441.60649064571,961.3672425744429
0.09,9.0,204,204,204,outer-fold direct action-cell target under the frozen screened future policy; every complete path held out once,outer-fold direct target at realised next account value,True,False,True,5,True,82739.22250317853,1186.7724908468804,82739.22250317853,7904.045657930309,30298.84168873286,143102.3430268088,707.6056146462079,0.0,46679.40612716668,0.0,9236.24641989661,43357.96093787633,1186.7724908468804
0.09999999999999999,10.0,200,200,200,outer-fold direct action-cell target under the frozen screened future policy; every complete path held out once,outer-fold direct target at realised next account value,True,False,True,5,True,81447.06804366129,1095.9465981244252,81447.06804366129,7964.17066617608,30529.320887008304,142874.345623845,699.4871550661275,0.0,46242.23594694892,0.0,9243.641070578708,45134.37927090658,1095.9465981244252
0.11,11.0,201,201,201,outer-fold direct action-cell target under the frozen screened future policy; every complete path held out once,outer-fold direct target at realised next account value,True,False,True,5,True,80544.50738122438,1039.8786134898605,80544.50738122438,7925.878333857313,30382.533613119696,142525.07862713613,698.1933067229072,0.0,46656.44862302163,0.0,9241.415299640288,45089.31257694974,1039.8786134898605
0.12,12.0,197,197,197,outer-fold direct action-cell target under the frozen screened future policy; every complete path held out once,outer-fold direct target at realised next account value,True,False,True,5,True,81323.23779113991,933.1379856394808,81323.23779113991,8003.662435318253,30680.7060020533,142791.08372698445,685.8918031059987,0.0,46572.01022581894,0.0,9263.708954904634,45002.38699559856,933.1379856394808
0.13,13.0,205,205,205,outer-fold direct action-cell target under the frozen screened future policy; every complete path held out once,outer-fold direct target at realised next account value,True,False,True,5,True,84236.96041610895,1420.1254760481036,84236.96041610895,7989.995597995607,30628.316458983165,146556.25600158324,710.1812701277024,0.0,45584.50473146423,0.0,9238.806951202285,46824.47722991427,1420.1254760481036
0.14,14.000000000000002,212,212,212,outer-fold direct action-cell target under the frozen screened future policy; every complete path held out once,outer-fold direct target at realised next account value,True,False,True,5,True,81621.95789594503,1116.473348908209,81621.95789594503,8003.561074604159,30680.317452649284,143317.73848356406,687.7347595156933,0.0,46602.90432742896,0.0,9261.904585248267,45202.58496171092,1116.473348908209
0.15000000000000002,15.000000000000002,197,197,197,outer-fold direct action-cell target under the frozen screened future policy; every complete path held out once,outer-fold direct target at realised next account value,True,False,True,5,True,81445.89081509657,968.664496465916,81445.89081509657,8013.013987094877,30716.55361719703,143198.7005300269,690.3755051720774,0.0,46645.13824611924,0.0,9267.901776992967,45259.71280128211,968.664496465916
0.16,16.0,194,194,194,outer-fold direct action-cell target under the frozen screened future policy; every complete path held out once,outer-fold direct target at realised next account value,True,False,True,5,True,81975.3825206284,943.2455990378058,81975.3825206284,7904.4372973355,30300.342973119426,143903.0963167325,709.0008272482079,0.0,46645.060935550224,0.0,9240.444454071856,44955.98950418514,943.2455990378058
0.17,17.0,192,192,192,outer-fold direct action-cell target under the frozen screened future policy; every complete path held out once,outer-fold direct target at realised next account value,True,False,True,5,True,80519.23780819577,933.5188467255018,80519.23780819577,7907.986843278082,30313.949565899322,142511.15954896357,698.8661341138749,0.0,46994.81235912331,0.0,9245.981676489346,44671.93024844644,933.5188467255018
0.18000000000000002,18.000000000000004,185,185,185,outer-fold direct action-cell target under the frozen screened future policy; every complete path held out once,outer-fold direct target at realised next account value,True,False,True,5,True,83827.14293592394,1338.3840874651937,83827.14293592394,7961.91060140238,30520.6573053758,146508.94396327416,712.2931168403741,0.0,45658.56421386652,0.0,9234.136163507204,46983.96167359504,1338.3840874651937
0.19,19.0,198,198,198,outer-fold direct action-cell target under the frozen screened future policy; every complete path held out once,outer-fold direct target at realised next account value,True,False,True,5,True,82226.84402630267,1033.1844430986448,82226.84402630267,7951.439372058139,30480.517592889544,144773.40131432252,703.2562381601058,0.0,46256.52269455468,0.0,9244.058576665691,46181.189219907275,1033.1844430986448
0.2,20.0,195,195,195,outer-fold direct action-cell target under the frozen screened future policy; every complete path held out once,outer-fold direct target at realised next account value,True,False,True,5,True,80843.8385448335,1098.3730765552937,80843.8385448335,8005.075577416053,30686.123046761542,143062.05399974633,686.885646913449,0.0,46419.91626029633,0.0,9259.820345013144,45916.563120694394,1098.3730765552937
