row_type,component,display_label,best_fixed_value_aud,flexible_value_aud,flexible_minus_best_fixed_aud,best_fixed_is_binding_lapse,flexible_is_binding_lapse,best_fixed_binding_lapse_stress,flexible_binding_lapse_stress,mass_lapse_rate,capital_materiality_aud,mll_correlation_matrix,mll_correlation_source,mll_framework,mass_lapse_method,formula,additivity_note,source_component,correlated_mll_shapley_effect_aud,mll_charge_shapley_effect_aud,capital_adjusted_csm_shapley_effect_aud,mll_waterfall_order,mll_waterfall_role,mll_waterfall_method,mll_waterfall_permutation_count,mll_shapley_reconciliation_target_aud,mll_shapley_effect_sum_aud,mll_shapley_reconciliation_gap_aud,canonical_component,canonical_row_type,mll_risk_measure_name,mll_risk_value_basis,regulatory_capital_status,regulatory_capital_framework,mll_correlation_assumption_status,mll_risk_materiality_aud,best_fixed_future_profit_risk_aud,flexible_future_profit_risk_aud,legacy_component,legacy_row_type
base_csm,base_csm,Base CSM,52151.27009719935,103840.38066340989,51689.11056621054,,,mass_lapse,mass_lapse,0.4,32.008143,"[[1.0,-0.25,0.0],[-0.25,1.0,0.25],[0.0,0.25,1.0]]","CapitalStresses.corr_life[mortality,longevity,lapse]",MLL_LIFE_RISK_RESEARCH_PROXY_NOT_REGULATORY_CAPITAL,positive_model_point_csm_proxy_not_revaluation,fee income + other income - claims - costs,Base for each adverse stress loss.,,,,,,,,,,,,base_csm,base_csm,mll_stressed_csm_future_profit_risk_proxy,one_sided_loss_in_custom_csm_profitability_proxy_under_illustrative_stress,not_calculated,APRA_LAGIC,illustrative_research_assumption_not_apra_prescribed,32.008143,,,,
stress_csm,mortality_stressed_csm,Mortality-stressed CSM,58845.58415148169,110327.89641528515,51482.31226380346,,,mass_lapse,mass_lapse,0.4,32.008143,"[[1.0,-0.25,0.0],[-0.25,1.0,0.25],[0.0,0.25,1.0]]","CapitalStresses.corr_life[mortality,longevity,lapse]",MLL_LIFE_RISK_RESEARCH_PROXY_NOT_REGULATORY_CAPITAL,positive_model_point_csm_proxy_not_revaluation,stressed CSM on each alternative's reported Time-0 valuation basis,"Input to max(0, base CSM - stressed CSM); not additive. The flexible value is a fixed-anchored fitted-Q estimate.",,,,,,,,,,,,mortality_stressed_csm,stress_csm,mll_stressed_csm_future_profit_risk_proxy,one_sided_loss_in_custom_csm_profitability_proxy_under_illustrative_stress,not_calculated,APRA_LAGIC,illustrative_research_assumption_not_apra_prescribed,32.008143,,,,
stress_csm,longevity_stressed_csm,Longevity-stressed CSM,42536.89738805533,93565.1888042181,51028.29141616276,,,mass_lapse,mass_lapse,0.4,32.008143,"[[1.0,-0.25,0.0],[-0.25,1.0,0.25],[0.0,0.25,1.0]]","CapitalStresses.corr_life[mortality,longevity,lapse]",MLL_LIFE_RISK_RESEARCH_PROXY_NOT_REGULATORY_CAPITAL,positive_model_point_csm_proxy_not_revaluation,stressed CSM on each alternative's reported Time-0 valuation basis,"Input to max(0, base CSM - stressed CSM); not additive. The flexible value is a fixed-anchored fitted-Q estimate.",,,,,,,,,,,,longevity_stressed_csm,stress_csm,mll_stressed_csm_future_profit_risk_proxy,one_sided_loss_in_custom_csm_profitability_proxy_under_illustrative_stress,not_calculated,APRA_LAGIC,illustrative_research_assumption_not_apra_prescribed,32.008143,,,,
stress_csm,lapse_up_stressed_csm,Lapse-up-stressed CSM,55782.67829775095,111449.39035224952,55666.712054498574,,,mass_lapse,mass_lapse,0.4,32.008143,"[[1.0,-0.25,0.0],[-0.25,1.0,0.25],[0.0,0.25,1.0]]","CapitalStresses.corr_life[mortality,longevity,lapse]",MLL_LIFE_RISK_RESEARCH_PROXY_NOT_REGULATORY_CAPITAL,positive_model_point_csm_proxy_not_revaluation,stressed CSM on each alternative's reported Time-0 valuation basis,"Input to max(0, base CSM - stressed CSM); not additive. The flexible value is a fixed-anchored fitted-Q estimate.",,,,,,,,,,,,lapse_up_stressed_csm,stress_csm,mll_stressed_csm_future_profit_risk_proxy,one_sided_loss_in_custom_csm_profitability_proxy_under_illustrative_stress,not_calculated,APRA_LAGIC,illustrative_research_assumption_not_apra_prescribed,32.008143,,,,
stress_csm,lapse_down_stressed_csm,Lapse-down-stressed CSM,48181.97382718561,106711.61599573775,58529.64216855214,,,mass_lapse,mass_lapse,0.4,32.008143,"[[1.0,-0.25,0.0],[-0.25,1.0,0.25],[0.0,0.25,1.0]]","CapitalStresses.corr_life[mortality,longevity,lapse]",MLL_LIFE_RISK_RESEARCH_PROXY_NOT_REGULATORY_CAPITAL,positive_model_point_csm_proxy_not_revaluation,stressed CSM on each alternative's reported Time-0 valuation basis,"Input to max(0, base CSM - stressed CSM); not additive. The flexible value is a fixed-anchored fitted-Q estimate.",,,,,,,,,,,,lapse_down_stressed_csm,stress_csm,mll_stressed_csm_future_profit_risk_proxy,one_sided_loss_in_custom_csm_profitability_proxy_under_illustrative_stress,not_calculated,APRA_LAGIC,illustrative_research_assumption_not_apra_prescribed,32.008143,,,,
standalone_loss,mortality_loss,Mortality loss,0.0,0.0,0.0,,,mass_lapse,mass_lapse,0.4,32.008143,"[[1.0,-0.25,0.0],[-0.25,1.0,0.25],[0.0,0.25,1.0]]","CapitalStresses.corr_life[mortality,longevity,lapse]",MLL_LIFE_RISK_RESEARCH_PROXY_NOT_REGULATORY_CAPITAL,positive_model_point_csm_proxy_not_revaluation,"max(0, base CSM - mortality-stressed CSM)",Standalone MLL module before correlation aggregation.,,,,,,,,,,,,mortality_loss,standalone_loss,mll_stressed_csm_future_profit_risk_proxy,one_sided_loss_in_custom_csm_profitability_proxy_under_illustrative_stress,not_calculated,APRA_LAGIC,illustrative_research_assumption_not_apra_prescribed,32.008143,0.0,0.0,,
standalone_loss,longevity_loss,Longevity loss,9614.372709144016,10275.191859191793,660.8191500477769,,,mass_lapse,mass_lapse,0.4,32.008143,"[[1.0,-0.25,0.0],[-0.25,1.0,0.25],[0.0,0.25,1.0]]","CapitalStresses.corr_life[mortality,longevity,lapse]",MLL_LIFE_RISK_RESEARCH_PROXY_NOT_REGULATORY_CAPITAL,positive_model_point_csm_proxy_not_revaluation,"max(0, base CSM - longevity-stressed CSM)",Standalone MLL module before correlation aggregation.,,,,,,,,,,,,longevity_loss,standalone_loss,mll_stressed_csm_future_profit_risk_proxy,one_sided_loss_in_custom_csm_profitability_proxy_under_illustrative_stress,not_calculated,APRA_LAGIC,illustrative_research_assumption_not_apra_prescribed,32.008143,9614.372709144016,10275.191859191793,,
lapse_candidate_loss,lapse_up_loss,Lapse-up loss,0.0,0.0,0.0,False,False,mass_lapse,mass_lapse,0.4,32.008143,"[[1.0,-0.25,0.0],[-0.25,1.0,0.25],[0.0,0.25,1.0]]","CapitalStresses.corr_life[mortality,longevity,lapse]",MLL_LIFE_RISK_RESEARCH_PROXY_NOT_REGULATORY_CAPITAL,positive_model_point_csm_proxy_not_revaluation,"max(0, base CSM - lapse-up-stressed CSM)",Lapse candidate; only the maximum enters the lapse module.,,,,,,,,,,,,lapse_up_loss,lapse_candidate_loss,mll_stressed_csm_future_profit_risk_proxy,one_sided_loss_in_custom_csm_profitability_proxy_under_illustrative_stress,not_calculated,APRA_LAGIC,illustrative_research_assumption_not_apra_prescribed,32.008143,0.0,0.0,,
lapse_candidate_loss,lapse_down_loss,Lapse-down loss,3969.296270013736,0.0,-3969.296270013736,False,False,mass_lapse,mass_lapse,0.4,32.008143,"[[1.0,-0.25,0.0],[-0.25,1.0,0.25],[0.0,0.25,1.0]]","CapitalStresses.corr_life[mortality,longevity,lapse]",MLL_LIFE_RISK_RESEARCH_PROXY_NOT_REGULATORY_CAPITAL,positive_model_point_csm_proxy_not_revaluation,"max(0, base CSM - lapse-down-stressed CSM)",Lapse candidate; only the maximum enters the lapse module.,,,,,,,,,,,,lapse_down_loss,lapse_candidate_loss,mll_stressed_csm_future_profit_risk_proxy,one_sided_loss_in_custom_csm_profitability_proxy_under_illustrative_stress,not_calculated,APRA_LAGIC,illustrative_research_assumption_not_apra_prescribed,32.008143,3969.296270013736,0.0,,
lapse_candidate_loss,mass_lapse_loss,Mass-lapse proxy,20860.50803887974,41536.152265363955,20675.644226484215,True,True,mass_lapse,mass_lapse,0.4,32.008143,"[[1.0,-0.25,0.0],[-0.25,1.0,0.25],[0.0,0.25,1.0]]","CapitalStresses.corr_life[mortality,longevity,lapse]",MLL_LIFE_RISK_RESEARCH_PROXY_NOT_REGULATORY_CAPITAL,positive_model_point_csm_proxy_not_revaluation,40% x sum of positive model-point CSM,Lapse candidate; only the maximum enters the lapse module.,,,,,,,,,,,,mass_lapse_loss,lapse_candidate_loss,mll_stressed_csm_future_profit_risk_proxy,one_sided_loss_in_custom_csm_profitability_proxy_under_illustrative_stress,not_calculated,APRA_LAGIC,illustrative_research_assumption_not_apra_prescribed,32.008143,20860.50803887974,41536.152265363955,,
binding_lapse_module,lapse_loss,Binding lapse loss,20860.50803887974,41536.152265363955,20675.644226484215,True,True,mass_lapse,mass_lapse,0.4,32.008143,"[[1.0,-0.25,0.0],[-0.25,1.0,0.25],[0.0,0.25,1.0]]","CapitalStresses.corr_life[mortality,longevity,lapse]",MLL_LIFE_RISK_RESEARCH_PROXY_NOT_REGULATORY_CAPITAL,positive_model_point_csm_proxy_not_revaluation,"max(lapse-up loss, lapse-down loss, mass-lapse proxy)",Standalone lapse module before correlation aggregation.,,,,,,,,,,,,lapse_loss,binding_lapse_module,mll_stressed_csm_future_profit_risk_proxy,one_sided_loss_in_custom_csm_profitability_proxy_under_illustrative_stress,not_calculated,APRA_LAGIC,illustrative_research_assumption_not_apra_prescribed,32.008143,20860.50803887974,41536.152265363955,,
correlated_capital,mll_capital,Correlated MLL future-profit-risk proxy,25057.480077303102,45213.133927701914,20155.653850398812,,,mass_lapse,mass_lapse,0.4,32.008143,"[[1.0,-0.25,0.0],[-0.25,1.0,0.25],[0.0,0.25,1.0]]","CapitalStresses.corr_life[mortality,longevity,lapse]",MLL_LIFE_RISK_RESEARCH_PROXY_NOT_REGULATORY_CAPITAL,positive_model_point_csm_proxy_not_revaluation,"sqrt([mortality, longevity, lapse] R [mortality, longevity, lapse]')",Correlated norm; standalone modules do not add to MLL.,,,,,,,,,,,,mll_future_profit_risk,correlated_future_profit_risk,mll_stressed_csm_future_profit_risk_proxy,one_sided_loss_in_custom_csm_profitability_proxy_under_illustrative_stress,not_calculated,APRA_LAGIC,illustrative_research_assumption_not_apra_prescribed,32.008143,25057.480077303102,45213.133927701914,mll_capital,correlated_capital
mll_shapley_attribution,mortality_mll_shapley,Mortality effect on correlated MLL-FPAR,0.0,0.0,0.0,,,mass_lapse,mass_lapse,0.4,32.008143,"[[1.0,-0.25,0.0],[-0.25,1.0,0.25],[0.0,0.25,1.0]]","CapitalStresses.corr_life[mortality,longevity,lapse]",MLL_LIFE_RISK_RESEARCH_PROXY_NOT_REGULATORY_CAPITAL,positive_model_point_csm_proxy_not_revaluation,average marginal change in correlated MLL over all six module replacement orders,Additive attribution of the correlated MLL change; not the standalone module-value change.,mortality_loss,0.0,0.0,-0.0,1.0,change_component,exact_three_module_shapley_all_six_orders,6.0,,,,mortality_mll_fpar_shapley,mll_shapley_attribution,mll_stressed_csm_future_profit_risk_proxy,one_sided_loss_in_custom_csm_profitability_proxy_under_illustrative_stress,not_calculated,APRA_LAGIC,illustrative_research_assumption_not_apra_prescribed,32.008143,,,mortality_mll_shapley,
mll_shapley_attribution,longevity_mll_shapley,Longevity effect on correlated MLL-FPAR,9614.372709144016,10275.191859191793,660.8191500477769,,,mass_lapse,mass_lapse,0.4,32.008143,"[[1.0,-0.25,0.0],[-0.25,1.0,0.25],[0.0,0.25,1.0]]","CapitalStresses.corr_life[mortality,longevity,lapse]",MLL_LIFE_RISK_RESEARCH_PROXY_NOT_REGULATORY_CAPITAL,positive_model_point_csm_proxy_not_revaluation,average marginal change in correlated MLL over all six module replacement orders,Additive attribution of the correlated MLL change; not the standalone module-value change.,longevity_loss,347.380562327864,20.842833739671843,-20.842833739671843,2.0,change_component,exact_three_module_shapley_all_six_orders,6.0,,,,longevity_mll_fpar_shapley,mll_shapley_attribution,mll_stressed_csm_future_profit_risk_proxy,one_sided_loss_in_custom_csm_profitability_proxy_under_illustrative_stress,not_calculated,APRA_LAGIC,illustrative_research_assumption_not_apra_prescribed,32.008143,,,longevity_mll_shapley,
mll_shapley_attribution,lapse_mll_shapley,Binding-lapse effect on correlated MLL-FPAR,20860.50803887974,41536.152265363955,20675.644226484215,,,mass_lapse,mass_lapse,0.4,32.008143,"[[1.0,-0.25,0.0],[-0.25,1.0,0.25],[0.0,0.25,1.0]]","CapitalStresses.corr_life[mortality,longevity,lapse]",MLL_LIFE_RISK_RESEARCH_PROXY_NOT_REGULATORY_CAPITAL,positive_model_point_csm_proxy_not_revaluation,average marginal change in correlated MLL over all six module replacement orders,Additive attribution of the correlated MLL change; not the standalone module-value change.,lapse_loss,19808.273288070952,1188.496397284257,-1188.496397284257,3.0,change_component,exact_three_module_shapley_all_six_orders,6.0,,,,lapse_mll_fpar_shapley,mll_shapley_attribution,mll_stressed_csm_future_profit_risk_proxy,one_sided_loss_in_custom_csm_profitability_proxy_under_illustrative_stress,not_calculated,APRA_LAGIC,illustrative_research_assumption_not_apra_prescribed,32.008143,,,lapse_mll_shapley,
mll_shapley_reconciliation,mll_shapley_total,Correlated MLL-FPAR Shapley reconciliation,25057.480077303102,45213.133927701914,20155.653850398812,,,mass_lapse,mass_lapse,0.4,32.008143,"[[1.0,-0.25,0.0],[-0.25,1.0,0.25],[0.0,0.25,1.0]]","CapitalStresses.corr_life[mortality,longevity,lapse]",MLL_LIFE_RISK_RESEARCH_PROXY_NOT_REGULATORY_CAPITAL,positive_model_point_csm_proxy_not_revaluation,best-fixed MLL + sum(three Shapley effects) = flexible MLL,Reconciliation total; do not add as a fourth effect.,mll_capital,,,,,reconciliation_total,exact_three_module_shapley_all_six_orders,6.0,20155.653850398812,20155.653850398816,3.637978807091713e-12,mll_fpar_shapley_total,mll_shapley_reconciliation,mll_stressed_csm_future_profit_risk_proxy,one_sided_loss_in_custom_csm_profitability_proxy_under_illustrative_stress,not_calculated,APRA_LAGIC,illustrative_research_assumption_not_apra_prescribed,32.008143,,,mll_shapley_total,
capital_charge,mll_capital_charge,MLL future-profit-risk penalty (6%),1503.4488046381862,2712.788035662115,1209.3392310239287,,,mass_lapse,mass_lapse,0.4,32.008143,"[[1.0,-0.25,0.0],[-0.25,1.0,0.25],[0.0,0.25,1.0]]","CapitalStresses.corr_life[mortality,longevity,lapse]",MLL_LIFE_RISK_RESEARCH_PROXY_NOT_REGULATORY_CAPITAL,positive_model_point_csm_proxy_not_revaluation,lambda x correlated MLL capital,This positive charge is subtracted from CSM.,,,,,,,,,,,,mll_future_profit_risk_penalty,risk_penalty,mll_stressed_csm_future_profit_risk_proxy,one_sided_loss_in_custom_csm_profitability_proxy_under_illustrative_stress,not_calculated,APRA_LAGIC,illustrative_research_assumption_not_apra_prescribed,32.008143,,,mll_capital_charge,capital_charge
primary_objective,csm_minus_lambda_mll,Risk-penalised CSM sensitivity,50647.82129256116,101127.59262774777,50479.77133518661,,,mass_lapse,mass_lapse,0.4,32.008143,"[[1.0,-0.25,0.0],[-0.25,1.0,0.25],[0.0,0.25,1.0]]","CapitalStresses.corr_life[mortality,longevity,lapse]",MLL_LIFE_RISK_RESEARCH_PROXY_NOT_REGULATORY_CAPITAL,positive_model_point_csm_proxy_not_revaluation,CSM - lambda x correlated MLL capital,Primary Time-0 comparison objective.,,,,,,,,,,,,risk_penalized_csm,secondary_sensitivity,mll_stressed_csm_future_profit_risk_proxy,one_sided_loss_in_custom_csm_profitability_proxy_under_illustrative_stress,not_calculated,APRA_LAGIC,illustrative_research_assumption_not_apra_prescribed,32.008143,,,csm_minus_lambda_mll,primary_objective
