crediting_cap_rate,crediting_cap_rate_percent,stress_scenario_id,policyholder_behaviour,policyholder_lsmc_used,market_cache_key,scenario_fingerprint,hedge_cache_key,hedge_price_surface_fingerprint,scenario_directory,premium_aud,csm_aud,pv_fee_income_aud,pv_crediting_margin_aud,pv_mva_retained_aud,pv_aps_retained_aud,pv_claims_aud,pv_expenses_aud,pv_hedge_costs_aud,income_start_year_mean,income_election_share,ordinary_income_lapse_rate,performance_income_lapse_rate,total_income_lapse_rate,ordinary_income_lapse_event_mass,performance_income_lapse_event_mass,total_income_lapse_event_mass,growth_phase_exposure,income_phase_exposure,csm_reconciliation_gap_aud
0.0025,0.25,base,dynamic,False,ef4209a2638f3da11afa2fc6ca502560844974f02f8607d3081b7050ffb3af10,d0e1e6a150d1eed82a819dd67a38c734ad086bda6972b296a64dba2a7bb6aef3,34be213537b2e3cec5c745a22962b02f43ede81aea218b580494ecc4412be3dd,19b215b2bc16b9c4eebc6adfd373f406f9d6da70e33c33e8b4a3cfafd97da325,C:\Users\user\Documents\GMLB Structuring\results\runs\crediting_rate_capital_analysis\20260714T054131.308036Z\scenarios\cap_0p25pct\base,336982.1762,57630.46086506373,34051.89679274696,113457.53394179883,794.6569393785753,0.0,68698.33018784663,9220.023549088291,12755.273071925712,5.066419782939079,0.9242554742341081,9.821440945858925e-05,0.00044430204046818744,0.0005425164499267765,0.02226002474708453,0.10069983081425603,0.12295985556134054,0.102548796172455,0.37434457992271003,2.1827872842550278e-11
0.0025,0.25,mortality,dynamic,False,ef4209a2638f3da11afa2fc6ca502560844974f02f8607d3081b7050ffb3af10,d0e1e6a150d1eed82a819dd67a38c734ad086bda6972b296a64dba2a7bb6aef3,34be213537b2e3cec5c745a22962b02f43ede81aea218b580494ecc4412be3dd,19b215b2bc16b9c4eebc6adfd373f406f9d6da70e33c33e8b4a3cfafd97da325,C:\Users\user\Documents\GMLB Structuring\results\runs\crediting_rate_capital_analysis\20260714T054131.308036Z\scenarios\cap_0p25pct\mortality,336982.1762,65081.938058363296,34177.97592324554,113918.65988771273,763.7183719718658,0.0,61808.1734820269,9174.538797688756,12795.703844851174,5.286169019458663,0.902901739256122,0.00010687988336480854,0.0004875470840779247,0.0005944269674427333,0.022243218748808743,0.10146545916852905,0.1237086779173378,0.10770071341605476,0.3430247250004116,-7.275957614183426e-12
0.0025,0.25,longevity,dynamic,False,ef4209a2638f3da11afa2fc6ca502560844974f02f8607d3081b7050ffb3af10,d0e1e6a150d1eed82a819dd67a38c734ad086bda6972b296a64dba2a7bb6aef3,34be213537b2e3cec5c745a22962b02f43ede81aea218b580494ecc4412be3dd,19b215b2bc16b9c4eebc6adfd373f406f9d6da70e33c33e8b4a3cfafd97da325,C:\Users\user\Documents\GMLB Structuring\results\runs\crediting_rate_capital_analysis\20260714T054131.308036Z\scenarios\cap_0p25pct\longevity,336982.1762,45835.45554301142,33801.08193446385,112416.24222966266,827.539963608699,0.0,79253.25334204831,9285.282746268575,12670.872496406922,4.73938630406295,0.9460125460784481,8.713742126063334e-05,0.0003877790279513556,0.0004749164492119889,0.022154468961289468,0.09859183705805326,0.12074630601934272,0.0953972795264001,0.4212049891898113,2.1827872842550278e-11
0.0025,0.25,lapse_up,dynamic,False,ef4209a2638f3da11afa2fc6ca502560844974f02f8607d3081b7050ffb3af10,d0e1e6a150d1eed82a819dd67a38c734ad086bda6972b296a64dba2a7bb6aef3,34be213537b2e3cec5c745a22962b02f43ede81aea218b580494ecc4412be3dd,19b215b2bc16b9c4eebc6adfd373f406f9d6da70e33c33e8b4a3cfafd97da325,C:\Users\user\Documents\GMLB Structuring\results\runs\crediting_rate_capital_analysis\20260714T054131.308036Z\scenarios\cap_0p25pct\lapse_up,336982.1762,61060.91925921423,33656.25991172346,111987.68186918202,1096.01820481403,0.0,63906.74332889517,9156.275540381703,12616.021857228383,5.066419782939079,0.9242554742341081,0.00015082972863732916,0.0006814039798670289,0.0008322337085043581,0.03220519551472642,0.14549352169754698,0.1776987172122734,0.102548796172455,0.3526210085468343,-1.4551915228366852e-11
0.0025,0.25,lapse_down,dynamic,False,ef4209a2638f3da11afa2fc6ca502560844974f02f8607d3081b7050ffb3af10,d0e1e6a150d1eed82a819dd67a38c734ad086bda6972b296a64dba2a7bb6aef3,34be213537b2e3cec5c745a22962b02f43ede81aea218b580494ecc4412be3dd,19b215b2bc16b9c4eebc6adfd373f406f9d6da70e33c33e8b4a3cfafd97da325,C:\Users\user\Documents\GMLB Structuring\results\runs\crediting_rate_capital_analysis\20260714T054131.308036Z\scenarios\cap_0p25pct\lapse_down,336982.1762,53886.6838243389,34466.07059377231,114999.01960254803,481.02694483677493,0.0,73870.35666706455,9287.92403388131,12901.152615872348,5.066419782939079,0.9242554742341081,4.796282656424668e-05,0.0002172537132817646,0.0002652165398460113,0.011546998053619677,0.05230359393114271,0.0638505919847624,0.102548796172455,0.39767899693514935,1.4551915228366852e-11
0.01,1.0,base,dynamic,False,ef4209a2638f3da11afa2fc6ca502560844974f02f8607d3081b7050ffb3af10,d0e1e6a150d1eed82a819dd67a38c734ad086bda6972b296a64dba2a7bb6aef3,ddd2ff7858c6f4982006df456519eb6808d7864fbd5521af80232f5a3bca7ca3,98f608f291b135205cdf01ee1fef7c6e735e77d226c89c80b6dcc511bc627090,C:\Users\user\Documents\GMLB Structuring\results\runs\crediting_rate_capital_analysis\20260714T054131.308036Z\scenarios\cap_1pct\base,336982.1762,48944.225557952894,35374.95445193468,118309.4444003842,761.9133292764418,0.0,67639.42714860177,9278.840272845437,28583.81920219524,5.118906189555402,0.9235440515975669,0.00010310417117683815,0.00041450268508514917,0.0005176068562619873,0.02345303372452873,0.09428663594546763,0.11773966966999637,0.10362695247816119,0.3756885250927174,3.637978807091713e-11
0.01,1.0,mortality,dynamic,False,ef4209a2638f3da11afa2fc6ca502560844974f02f8607d3081b7050ffb3af10,d0e1e6a150d1eed82a819dd67a38c734ad086bda6972b296a64dba2a7bb6aef3,ddd2ff7858c6f4982006df456519eb6808d7864fbd5521af80232f5a3bca7ca3,98f608f291b135205cdf01ee1fef7c6e735e77d226c89c80b6dcc511bc627090,C:\Users\user\Documents\GMLB Structuring\results\runs\crediting_rate_capital_analysis\20260714T054131.308036Z\scenarios\cap_1pct\mortality,336982.1762,56270.63340668619,35467.97897514423,118664.62197226631,732.5445208724918,0.0,60715.79066008863,9230.984466279644,28647.736935228582,5.331966749994062,0.9010856562047631,0.00011228229611451651,0.0004547673610860668,0.0005670496572005834,0.023433354190308148,0.0949101061814125,0.11834346037172067,0.10868302682483277,0.34394158500790295,-7.275957614183426e-12
0.01,1.0,longevity,dynamic,False,ef4209a2638f3da11afa2fc6ca502560844974f02f8607d3081b7050ffb3af10,d0e1e6a150d1eed82a819dd67a38c734ad086bda6972b296a64dba2a7bb6aef3,ddd2ff7858c6f4982006df456519eb6808d7864fbd5521af80232f5a3bca7ca3,98f608f291b135205cdf01ee1fef7c6e735e77d226c89c80b6dcc511bc627090,C:\Users\user\Documents\GMLB Structuring\results\runs\crediting_rate_capital_analysis\20260714T054131.308036Z\scenarios\cap_1pct\longevity,336982.1762,37298.646758088806,35113.522775478865,117224.69101287561,795.1871796309847,0.0,78100.89256886776,9343.6695734891,28390.19206753981,4.787902747714712,0.9450122217631542,9.142796071631418e-05,0.00036134573159857594,0.0004527736923148901,0.023323694593621654,0.0921809632467293,0.11550465784035095,0.09641453489674937,0.4226043499598011,2.1827872842550278e-11
0.01,1.0,lapse_up,dynamic,False,ef4209a2638f3da11afa2fc6ca502560844974f02f8607d3081b7050ffb3af10,d0e1e6a150d1eed82a819dd67a38c734ad086bda6972b296a64dba2a7bb6aef3,ddd2ff7858c6f4982006df456519eb6808d7864fbd5521af80232f5a3bca7ca3,98f608f291b135205cdf01ee1fef7c6e735e77d226c89c80b6dcc511bc627090,C:\Users\user\Documents\GMLB Structuring\results\runs\crediting_rate_capital_analysis\20260714T054131.308036Z\scenarios\cap_1pct\lapse_up,336982.1762,52213.95587345188,34976.13945861397,116818.86145924273,1046.179322886245,0.0,63131.828264773874,9217.509879866462,28277.886222650748,5.118906189555402,0.9235440515975669,0.00015814591291839376,0.0006344560837371631,0.0007926019966555567,0.03399332195260044,0.13637576540085816,0.17036908735345857,0.10362695247816119,0.35497292703638605,2.9103830456733704e-11
0.01,1.0,lapse_down,dynamic,False,ef4209a2638f3da11afa2fc6ca502560844974f02f8607d3081b7050ffb3af10,d0e1e6a150d1eed82a819dd67a38c734ad086bda6972b296a64dba2a7bb6aef3,ddd2ff7858c6f4982006df456519eb6808d7864fbd5521af80232f5a3bca7ca3,98f608f291b135205cdf01ee1fef7c6e735e77d226c89c80b6dcc511bc627090,C:\Users\user\Documents\GMLB Structuring\results\runs\crediting_rate_capital_analysis\20260714T054131.308036Z\scenarios\cap_1pct\lapse_down,336982.1762,45390.138608058325,35791.81226425626,119870.23589436458,466.76591273326716,0.0,72490.8519965402,9343.988113338279,28903.835353417293,5.118906189555402,0.9235440515975669,5.0411202363267435e-05,0.00020307792753315043,0.00025348912989641787,0.012143234245343248,0.048918151690243675,0.06106138593558692,0.10362695247816119,0.3978815802619467,-2.1827872842550278e-11
0.06,6.0,base,dynamic,False,ef4209a2638f3da11afa2fc6ca502560844974f02f8607d3081b7050ffb3af10,d0e1e6a150d1eed82a819dd67a38c734ad086bda6972b296a64dba2a7bb6aef3,a2b6e198667d01808ef97a3b67d8dce776a1c5b1f6767b54d32f3df0840661d3,74d1d3e47db5adcbb9053ada663091d06f75ebb4ee4277476e430172d8e43bab,C:\Users\user\Documents\GMLB Structuring\results\runs\crediting_rate_capital_analysis\20260714T054131.308036Z\scenarios\cap_6pct\base,336982.1762,-6696.553575571811,44250.38065769104,151371.6732871755,524.3144832354578,0.0,56928.72381528938,9672.985170114653,136241.2130182698,5.347807615314192,0.9156409869009784,0.00014246081842014067,0.0001879858913691363,0.000330446709789277,0.033415820732141915,0.04409424932290628,0.0775100700550482,0.10869259071946956,0.3872486739489865,3.3651303965598345e-11
0.06,6.0,mortality,dynamic,False,ef4209a2638f3da11afa2fc6ca502560844974f02f8607d3081b7050ffb3af10,d0e1e6a150d1eed82a819dd67a38c734ad086bda6972b296a64dba2a7bb6aef3,a2b6e198667d01808ef97a3b67d8dce776a1c5b1f6767b54d32f3df0840661d3,74d1d3e47db5adcbb9053ada663091d06f75ebb4ee4277476e430172d8e43bab,C:\Users\user\Documents\GMLB Structuring\results\runs\crediting_rate_capital_analysis\20260714T054131.308036Z\scenarios\cap_6pct\mortality,336982.1762,158.14805622523005,44443.536158908246,152160.67166156977,498.43165481908403,0.0,50515.48453566496,9627.9942988891,136801.01258451783,5.610420326438436,0.8914750015852084,0.00015553628714623795,0.00020662419694885916,0.00036216048409509717,0.0333790217226515,0.04434279411528445,0.07772181583793596,0.11494200007619894,0.35354819076072364,1.91562321560923e-11
0.06,6.0,longevity,dynamic,False,ef4209a2638f3da11afa2fc6ca502560844974f02f8607d3081b7050ffb3af10,d0e1e6a150d1eed82a819dd67a38c734ad086bda6972b296a64dba2a7bb6aef3,a2b6e198667d01808ef97a3b67d8dce776a1c5b1f6767b54d32f3df0840661d3,74d1d3e47db5adcbb9053ada663091d06f75ebb4ee4277476e430172d8e43bab,C:\Users\user\Documents\GMLB Structuring\results\runs\crediting_rate_capital_analysis\20260714T054131.308036Z\scenarios\cap_6pct\longevity,336982.1762,-16772.533819450702,44092.806320769894,150655.85704679976,549.9960788255567,0.0,66553.55453649705,9744.528189280047,135773.11054006885,5.027664335578278,0.9410378357518973,0.00012596751858082837,0.00016421044115854261,0.00029017795973937095,0.033166136659801684,0.04323516088741496,0.07640129754721664,0.10136509136076312,0.4360613619050053,3.2741809263825417e-11
0.06,6.0,lapse_up,dynamic,False,ef4209a2638f3da11afa2fc6ca502560844974f02f8607d3081b7050ffb3af10,d0e1e6a150d1eed82a819dd67a38c734ad086bda6972b296a64dba2a7bb6aef3,a2b6e198667d01808ef97a3b67d8dce776a1c5b1f6767b54d32f3df0840661d3,74d1d3e47db5adcbb9053ada663091d06f75ebb4ee4277476e430172d8e43bab,C:\Users\user\Documents\GMLB Structuring\results\runs\crediting_rate_capital_analysis\20260714T054131.308036Z\scenarios\cap_6pct\lapse_up,336982.1762,-4750.606353403838,43898.279304389995,149996.50111045866,684.4783675054448,0.0,54535.96678302513,9631.401074744183,135162.4972779886,5.347807615314192,0.9156409869009784,0.00021648550924952548,0.00028371449240139723,0.0005002000016509227,0.049046207030559626,0.06427737256007386,0.11332357959063347,0.10869259071946956,0.3740282673695923,-4.092726157978177e-11
0.06,6.0,lapse_down,dynamic,False,ef4209a2638f3da11afa2fc6ca502560844974f02f8607d3081b7050ffb3af10,d0e1e6a150d1eed82a819dd67a38c734ad086bda6972b296a64dba2a7bb6aef3,a2b6e198667d01808ef97a3b67d8dce776a1c5b1f6767b54d32f3df0840661d3,74d1d3e47db5adcbb9053ada663091d06f75ebb4ee4277476e430172d8e43bab,C:\Users\user\Documents\GMLB Structuring\results\runs\crediting_rate_capital_analysis\20260714T054131.308036Z\scenarios\cap_6pct\lapse_down,336982.1762,-8745.49910239116,44613.5458695319,152792.48089225232,360.8037713172021,0.0,59441.235116258795,9716.245515955463,137354.84900327833,5.347807615314192,0.9156409869009784,7.030515960517952e-05,9.34119317210276e-05,0.00016371709132620717,0.017081013062844597,0.022694926445126384,0.03977593950797099,0.10869259071946956,0.4011098332071648,-3.637978807091713e-12
0.12,12.0,base,dynamic,False,ef4209a2638f3da11afa2fc6ca502560844974f02f8607d3081b7050ffb3af10,d0e1e6a150d1eed82a819dd67a38c734ad086bda6972b296a64dba2a7bb6aef3,467dffb4094c1f8d4bd88cd70829f4d7c7cbebc9335211afb6b61e2fe4d13429,9fbf880550c9700437f28065407f14946bc4ae3cccb339e2ec2ae24f8b4a143a,C:\Users\user\Documents\GMLB Structuring\results\runs\crediting_rate_capital_analysis\20260714T054131.308036Z\scenarios\cap_12pct\base,336982.1762,-39516.633294451916,50242.396374674325,174544.35126169337,403.3608085180481,0.0,46317.153032346716,9935.811127393354,208453.77757959758,5.471681398557248,0.9127864394284222,0.00018485435296987536,2.7792074797970038e-05,0.0002126464277678454,0.04424495137667464,0.006652042423331408,0.05089699380000605,0.11139165317190165,0.3950731422620256,7.275957614183426e-12
0.12,12.0,mortality,dynamic,False,ef4209a2638f3da11afa2fc6ca502560844974f02f8607d3081b7050ffb3af10,d0e1e6a150d1eed82a819dd67a38c734ad086bda6972b296a64dba2a7bb6aef3,467dffb4094c1f8d4bd88cd70829f4d7c7cbebc9335211afb6b61e2fe4d13429,9fbf880550c9700437f28065407f14946bc4ae3cccb339e2ec2ae24f8b4a143a,C:\Users\user\Documents\GMLB Structuring\results\runs\crediting_rate_capital_analysis\20260714T054131.308036Z\scenarios\cap_12pct\mortality,336982.1762,-33752.179011039094,50347.51590560626,174941.55241057207,383.27462905482116,0.0,40704.64525807596,9886.353520433651,208833.52317776257,5.7325471843151465,0.8884153458581401,0.0002017642549339067,3.01887705126362e-05,0.00023195302544654287,0.044179283907618494,0.0066102802190437125,0.050789564126662204,0.11754598702081025,0.3606630229426499,-6.548361852765083e-11
0.12,12.0,longevity,dynamic,False,ef4209a2638f3da11afa2fc6ca502560844974f02f8607d3081b7050ffb3af10,d0e1e6a150d1eed82a819dd67a38c734ad086bda6972b296a64dba2a7bb6aef3,467dffb4094c1f8d4bd88cd70829f4d7c7cbebc9335211afb6b61e2fe4d13429,9fbf880550c9700437f28065407f14946bc4ae3cccb339e2ec2ae24f8b4a143a,C:\Users\user\Documents\GMLB Structuring\results\runs\crediting_rate_capital_analysis\20260714T054131.308036Z\scenarios\cap_12pct\longevity,336982.1762,-48171.3946222918,50133.048577941256,173959.44694639408,430.18919511488826,0.0,54741.59643981771,10009.528312611323,207942.954589313,5.132340438084284,0.9391820149833633,0.00016322741586962875,2.4702223718224184e-05,0.0001879296395878529,0.04386520086750944,0.006638394656321188,0.05050359552383062,0.1034714952985208,0.4450264310950982,4.3655745685100555e-11
0.12,12.0,lapse_up,dynamic,False,ef4209a2638f3da11afa2fc6ca502560844974f02f8607d3081b7050ffb3af10,d0e1e6a150d1eed82a819dd67a38c734ad086bda6972b296a64dba2a7bb6aef3,467dffb4094c1f8d4bd88cd70829f4d7c7cbebc9335211afb6b61e2fe4d13429,9fbf880550c9700437f28065407f14946bc4ae3cccb339e2ec2ae24f8b4a143a,C:\Users\user\Documents\GMLB Structuring\results\runs\crediting_rate_capital_analysis\20260714T054131.308036Z\scenarios\cap_12pct\lapse_up,336982.1762,-38374.23888268905,49958.676925867316,173412.2405044706,499.29823485185153,0.0,45114.68284437657,9907.288059519831,207222.48364398238,5.471681398557248,0.9127864394284222,0.0002790165339309502,4.1532741830676756e-05,0.00032054927576162685,0.06535319359784808,0.009728087720354894,0.07508128131820295,0.11139165317190165,0.3866200881212942,-4.3655745685100555e-11
0.12,12.0,lapse_down,dynamic,False,ef4209a2638f3da11afa2fc6ca502560844974f02f8607d3081b7050ffb3af10,d0e1e6a150d1eed82a819dd67a38c734ad086bda6972b296a64dba2a7bb6aef3,467dffb4094c1f8d4bd88cd70829f4d7c7cbebc9335211afb6b61e2fe4d13429,9fbf880550c9700437f28065407f14946bc4ae3cccb339e2ec2ae24f8b4a143a,C:\Users\user\Documents\GMLB Structuring\results\runs\crediting_rate_capital_analysis\20260714T054131.308036Z\scenarios\cap_12pct\lapse_down,336982.1762,-40690.550030572194,50531.324694922536,175698.6170441757,306.63577919879646,0.0,47553.36323089639,9964.988812260312,209708.77550571255,5.471681398557248,0.9127864394284222,9.185482347403175e-05,1.394917053079744e-05,0.00010580399400482916,0.022469852858719254,0.0034122955929125768,0.025882148451631823,0.11139165317190165,0.4037725131949958,0.0
